02PR,America/Puerto_Rico
BGAA,America/Nuuk
BGBW,America/Nuuk
BGCO,America/Scoresbysund
BGDH,America/Danmarkshavn
BGGH,America/Nuuk
BGJN,America/Nuuk
BGKK,America/Nuuk
BGMI,America/Nuuk
BGMQ,America/Nuuk
BGMV,America/Scoresbysund
BGPT,America/Nuuk
BGQQ,America/Thule
BGSF,America/Nuuk
BGSS,America/Nuuk
BGTL,America/Thule
BGUK,America/Nuuk
BGUQ,America/Nuuk
BIAE,Atlantic/Reykjavik
BIAL,Atlantic/Reykjavik
BIAR,Atlantic/Reykjavik
BIBA,Atlantic/Reykjavik
BIBD,Atlantic/Reykjavik
BIBF,Atlantic/Reykjavik
BIBI,Atlantic/Reykjavik
BIBL,Atlantic/Reykjavik
BIBR,Atlantic/Reykjavik
BIBV,Atlantic/Reykjavik
BIDV,Atlantic/Reykjavik
BIEG,Atlantic/Reykjavik
BIFL,Atlantic/Reykjavik
BIFM,Atlantic/Reykjavik
BIFZ,Atlantic/Reykjavik
BIGF,Atlantic/Reykjavik
BIGH,Atlantic/Reykjavik
BIGJ,Atlantic/Reykjavik
BIGR,Atlantic/Reykjavik
BIGS,Atlantic/Reykjavik
BIHE,Atlantic/Reykjavik
BIHI,Atlantic/Reykjavik
BIHK,Atlantic/Reykjavik
BIHL,Atlantic/Reykjavik
BIHN,Atlantic/Reykjavik
BIHR,Atlantic/Reykjavik
BIHS,Atlantic/Reykjavik
BIHU,Atlantic/Reykjavik
BIHV,Atlantic/Reykjavik
BIHY,Atlantic/Reykjavik
BIHZ,Atlantic/Reykjavik
BIIS,Atlantic/Reykjavik
BIKA,Atlantic/Reykjavik
BIKE,Atlantic/Reykjavik
BIKF,Atlantic/Reykjavik
BIKJ,Atlantic/Reykjavik
BIKL,Atlantic/Reykjavik
BIKP,Atlantic/Reykjavik
BIKR,Atlantic/Reykjavik
BIMK,Atlantic/Reykjavik
BIMM,Atlantic/Reykjavik
BIMS,Atlantic/Reykjavik
BIND,Atlantic/Reykjavik
BINF,Atlantic/Reykjavik
BIRE,Atlantic/Reykjavik
BIRF,Atlantic/Reykjavik
BIRG,Atlantic/Reykjavik
BIRK,Atlantic/Reykjavik
BIRL,Atlantic/Reykjavik
BIRS,Atlantic/Reykjavik
BISA,Atlantic/Reykjavik
BISF,Atlantic/Reykjavik
BISG,Atlantic/Reykjavik
BISH,Atlantic/Reykjavik
BISI,Atlantic/Reykjavik
BISK,Atlantic/Reykjavik
BISN,Atlantic/Reykjavik
BISP,Atlantic/Reykjavik
BISR,Atlantic/Reykjavik
BISS,Atlantic/Reykjavik
BIST,Atlantic/Reykjavik
BISV,Atlantic/Reykjavik
BITE,Atlantic/Reykjavik
BITM,Atlantic/Reykjavik
BITN,Atlantic/Reykjavik
BITO,Atlantic/Reykjavik
BIVA,Atlantic/Reykjavik
BIVH,Atlantic/Reykjavik
BIVI,Atlantic/Reykjavik
BIVM,Atlantic/Reykjavik
BIVO,Atlantic/Reykjavik
BKPR,Europe/Belgrade
CAA2,America/Toronto
CAA4,America/Toronto
CAA8,America/Edmonton
CAD4,America/Vancouver
CAD5,America/Vancouver
CAF2,America/Toronto
CAF4,America/Vancouver
CAG3,America/Vancouver
CAG4,America/Edmonton
CAH3,America/Vancouver
CAH4,America/Vancouver
CAJ2,America/Whitehorse
CAJ3,America/Creston
CAJ4,America/Vancouver
CAJ5,America/Toronto
CAJ7,America/Edmonton
CAJ9,America/Vancouver
CAK3,America/Vancouver
CAL3,America/Vancouver
CAL4,America/Edmonton
CAM3,America/Vancouver
CAM4,America/Edmonton
CAM5,America/Vancouver
CAN5,America/Regina
CAP3,America/Vancouver
CAP6,America/Vancouver
CAP9,America/Edmonton
CAQ4,America/Vancouver
CAQ5,America/Vancouver
CAR4,America/Toronto
CAR5,America/Toronto
CAS2,America/Vancouver
CAT1,America/Toronto
CAT4,America/Vancouver
CAT5,America/Vancouver
CAU3,America/Vancouver
CAU4,America/Vancouver
CAV3,America/Vancouver
CAV4,America/Vancouver
CAV6,America/Winnipeg
CAV9,America/Winnipeg
CAW3,America/Vancouver
CAX2,America/Regina
CAX5,America/Vancouver
CAY5,America/Toronto
CAZ5,America/Vancouver
CBA7,America/Toronto
CBA8,America/Vancouver
CBA9,America/Vancouver
CBB6,America/Vancouver
CBB9,America/Vancouver
CBBC,America/Vancouver
CBC2,America/Inuvik
CBD6,America/Inuvik
CBE2,America/Edmonton
CBF2,America/Toronto
CBF3,America/Toronto
CBF9,America/Vancouver
CBG2,America/Vancouver
CBH2,America/Fort_Nelson
CBH4,America/Vancouver
CBH5,America/Toronto
CBH7,America/Edmonton
CBI2,America/Edmonton
CBJ4,America/Vancouver
CBK6,America/Vancouver
CBK7,America/Fort_Nelson
CBL3,America/Fort_Nelson
CBL6,America/Edmonton
CBL8,America/Toronto
CBL9,America/Vancouver
CBM2,America/Toronto
CBM3,America/Toronto
CBM6,America/Vancouver
CBN7,America/Toronto
CBN9,America/Vancouver
CBQ2,America/Vancouver
CBQ7,America/Vancouver
CBQ8,America/Vancouver
CBR2,America/Vancouver
CBR3,America/Regina
CBR4,America/Vancouver
CBR9,America/Edmonton
CBS2,America/Regina
CBS4,America/Vancouver
CBS7,America/Regina
CBS8,America/Vancouver
CBT3,America/Vancouver
CBU2,America/Vancouver
CBW2,America/Vancouver
CBW3,America/Vancouver
CBW4,America/Vancouver
CBW6,America/Toronto
CBW8,America/Toronto
CBX5,America/Whitehorse
CBX7,America/Dawson_Creek
CBZ9,America/Vancouver
CCA3,America/Halifax
CCA5,America/Regina
CCA6,America/St_Johns
CCB2,America/Regina
CCC2,America/St_Johns
CCC3,America/Winnipeg
CCD2,America/St_Johns
CCD3,America/Moncton
CCD4,America/Goose_Bay
CCE3,America/Moncton
CCE4,America/St_Johns
CCE6,America/Toronto
CCF4,America/Halifax
CCF6,America/Edmonton
CCF7,America/Regina
CCF9,America/Moncton
CCG3,America/Moncton
CCG4,America/Moncton
CCG5,America/Toronto
CCH4,America/St_Johns
CCI9,America/Vancouver
CCJ3,America/Moncton
CCK3,America/Moncton
CCK4,America/St_Johns
CCK5,America/Toronto
CCL2,America/Regina
CCL3,America/Edmonton
CCL7,America/Toronto
CCL9,America/Swift_Current
CCM3,America/Moncton
CCM4,America/St_Johns
CCN2,America/Moncton
CCN4,America/Toronto
CCP2,America/St_Johns
CCP3,America/Toronto
CCP4,America/St_Johns
CCP6,America/Toronto
CCP7,America/Edmonton
CCQ3,America/Halifax
CCR3,America/Moncton
CCR9,America/Toronto
CCS3,America/Moncton
CCS4,America/Moncton
CCS5,America/Moncton
CCS6,America/Vancouver
CCT2,America/Toronto
CCU2,America/Toronto
CCV4,America/St_Johns
CCW3,America/Halifax
CCW4,America/Halifax
CCX3,America/Moncton
CCY3,America/Moncton
CCY4,America/Halifax
CCZ2,America/Goose_Bay
CCZ3,America/St_Johns
CCZ4,America/Glace_Bay
CCZ5,America/Halifax
CDA4,America/Moncton
CDA5,America/St_Johns
CDA6,America/Moncton
CDC3,America/Dawson_Creek
CDC4,America/Moncton
CDC5,America/Vancouver
CDD3,America/Toronto
CDF2,America/Toronto
CDF3,America/Toronto
CDF5,America/Toronto
CDF6,America/Toronto
CDG3,America/Toronto
CDH3,America/Halifax
CDH6,America/Toronto
CDJ4,America/Moncton
CDJ5,America/Edmonton
CDK2,America/Edmonton
CDL7,America/Cambridge_Bay
CDL8,America/Halifax
CDM3,America/Toronto
CDO2,America/Edmonton
CDP3,America/Winnipeg
CDT5,America/Moncton
CDT7,America/Toronto
CDT9,America/Toronto
CDU5,America/Toronto
CDU6,America/Moncton
CDV2,America/Moncton
CDW2,America/Glace_Bay
CDY3,America/St_Johns
CDY6,America/Halifax
CEA3,America/Edmonton
CEA5,America/Edmonton
CEA6,America/Edmonton
CEB4,America/Edmonton
CEB5,America/Edmonton
CEB8,America/Toronto
CEC3,America/Edmonton
CEC4,America/Edmonton
CED3,America/Edmonton
CED4,America/Edmonton
CED5,America/Edmonton
CED6,America/Edmonton
CED8,America/Toronto
CEE4,America/Edmonton
CEE5,America/Edmonton
CEE6,America/Edmonton
CEE8,America/Edmonton
CEF2,America/Toronto
CEF3,America/Edmonton
CEF4,America/Edmonton
CEG3,America/Edmonton
CEG4,America/Edmonton
CEG5,America/Edmonton
CEG8,America/Winnipeg
CEH2,America/Edmonton
CEH3,America/Edmonton
CEH4,America/Edmonton
CEH5,America/Edmonton
CEH6,America/Edmonton
CEJ3,America/Edmonton
CEJ4,America/Edmonton
CEJ6,America/Edmonton
CEK2,America/Whitehorse
CEK6,America/Edmonton
CEL3,America/Toronto
CEL4,America/Edmonton
CEL5,America/Edmonton
CEL6,America/Edmonton
CEL8,America/Toronto
CEM3,America/Edmonton
CEM4,America/Edmonton
CEM5,America/Edmonton
CEN2,America/Edmonton
CEN3,America/Edmonton
CEN4,America/Edmonton
CEN5,America/Edmonton
CEN6,America/Edmonton
CEP3,America/Edmonton
CEP4,America/Edmonton
CEP5,America/Edmonton
CEP6,America/Edmonton
CEQ3,America/Edmonton
CEQ4,America/Edmonton
CER2,America/Edmonton
CER3,America/Edmonton
CER4,America/Edmonton
CES2,America/Toronto
CES4,America/Edmonton
CES5,America/Toronto
CET2,America/Edmonton
CET4,America/Inuvik
CET9,America/Inuvik
CEU2,America/Edmonton
CEV2,America/Edmonton
CEV3,America/Edmonton
CEV5,America/Edmonton
CEV7,America/Edmonton
CEV9,America/Edmonton
CEW2,America/Regina
CEW3,America/Edmonton
CEW5,America/Edmonton
CEX3,America/Edmonton
CEX4,America/Whitehorse
CEX9,America/Edmonton
CEY3,America/Edmonton
CEZ2,America/Dawson
CEZ3,America/Edmonton
CEZ4,America/Edmonton
CFA4,America/Whitehorse
CFA5,America/Edmonton
CFA7,America/Edmonton
CFB3,America/Edmonton
CFB4,America/Edmonton
CFB5,America/Edmonton
CFB6,America/Edmonton
CFB7,America/Edmonton
CFC4,America/Whitehorse
CFC6,America/Edmonton
CFC7,America/Edmonton
CFD4,America/Edmonton
CFD5,America/Edmonton
CFF2,America/Edmonton
CFF3,America/Edmonton
CFF4,America/Edmonton
CFF9,America/Edmonton
CFG3,America/Edmonton
CFG4,America/Edmonton
CFG5,America/Edmonton
CFG6,America/Edmonton
CFH4,America/Halifax
CFH8,America/Edmonton
CFK2,America/Edmonton
CFK4,America/Edmonton
CFK6,America/Edmonton
CFL2,America/Edmonton
CFL4,America/Toronto
CFL9,America/Edmonton
CFM2,America/Edmonton
CFM4,America/Edmonton
CFM6,America/Edmonton
CFM7,America/Edmonton
CFM8,America/Edmonton
CFN5,America/Edmonton
CFN7,America/Edmonton
CFP4,America/Whitehorse
CFP5,America/Edmonton
CFP6,America/Whitehorse
CFP7,America/Edmonton
CFP8,America/Whitehorse
CFQ3,America/Edmonton
CFQ4,America/Edmonton
CFQ5,America/Dawson
CFQ6,America/Whitehorse
CFQ7,America/Edmonton
CFR2,America/Edmonton
CFR5,America/Toronto
CFR7,America/Edmonton
CFS3,America/Whitehorse
CFS4,America/Dawson
CFS5,America/Edmonton
CFS6,America/Edmonton
CFS7,America/Whitehorse
CFS8,America/Edmonton
CFT2,America/Edmonton
CFT3,America/Whitehorse
CFT5,America/Whitehorse
CFT8,America/Edmonton
CFU3,America/Edmonton
CFU4,America/Edmonton
CFU8,America/Edmonton
CFV2,America/Edmonton
CFV3,America/Edmonton
CFV6,America/Edmonton
CFW2,America/Edmonton
CFW4,America/Edmonton
CFW5,America/Edmonton
CFX2,America/Edmonton
CFX3,America/Edmonton
CFX4,America/Edmonton
CFX5,America/Toronto
CFX6,America/Edmonton
CFX8,America/Edmonton
CFY2,America/Edmonton
CFY4,America/Edmonton
CFY5,America/Whitehorse
CFY6,America/Edmonton
CFZ3,America/Edmonton
CFZ5,America/Edmonton
CGB2,America/Edmonton
CGF2,America/Edmonton
CGF5,America/Edmonton
CGF6,America/Toronto
CGF7,America/Toronto
CGK2,America/Edmonton
CGL2,America/Toronto
CGL4,America/Edmonton
CGN3,America/Edmonton
CGR3,America/Cambridge_Bay
CGR7,America/Moncton
CGS2,America/Cambridge_Bay
CGV2,America/Toronto
CGV3,America/Toronto
CGV5,America/Toronto
CGV6,America/Toronto
CGV7,America/Toronto
CHC5,America/Rankin_Inlet
CHD4,America/Toronto
CHF2,America/Toronto
CHF3,America/Edmonton
CHF5,America/Toronto
CHG2,America/St_Johns
CHL2,America/Halifax
CHM2,America/Swift_Current
CHS3,America/Edmonton
CJA2,America/Toronto
CJA3,America/Winnipeg
CJA5,America/Winnipeg
CJA7,America/Regina
CJB2,America/Winnipeg
CJB3,America/Winnipeg
CJB5,America/Regina
CJB6,America/Winnipeg
CJB8,America/Swift_Current
CJC2,America/Regina
CJC3,America/Regina
CJC4,America/Regina
CJC5,America/Swift_Current
CJC6,America/Swift_Current
CJC8,America/Winnipeg
CJD2,America/Regina
CJD3,America/Regina
CJD5,America/Swift_Current
CJE2,America/Regina
CJE3,America/Regina
CJE4,America/Winnipeg
CJE5,America/Swift_Current
CJE7,America/Winnipeg
CJF3,America/Regina
CJF4,America/Edmonton
CJF8,America/Swift_Current
CJG2,America/Swift_Current
CJH2,America/Winnipeg
CJH3,America/Edmonton
CJH4,America/Regina
CJH8,America/Swift_Current
CJJ2,America/Winnipeg
CJJ3,America/Edmonton
CJJ4,America/Winnipeg
CJJ5,America/Swift_Current
CJJ8,America/Swift_Current
CJK2,America/Winnipeg
CJK3,America/Regina
CJK4,America/Regina
CJK5,America/Swift_Current
CJK9,America/Regina
CJL2,America/Regina
CJL4,America/Regina
CJL5,America/Winnipeg
CJL6,America/Winnipeg
CJL8,America/Winnipeg
CJL9,America/Swift_Current
CJM2,America/Regina
CJM4,America/Regina
CJM5,America/Swift_Current
CJM6,America/Regina
CJN2,America/Regina
CJN4,America/Regina
CJN5,America/Regina
CJN7,America/Winnipeg
CJP2,America/Swift_Current
CJP6,America/Regina
CJP7,America/Winnipeg
CJP9,America/Regina
CJQ2,America/Regina
CJQ3,America/Regina
CJQ4,America/Swift_Current
CJQ6,America/Iqaluit
CJQ8,America/Regina
CJQ9,America/Winnipeg
CJR2,America/Swift_Current
CJR3,America/Winnipeg
CJR4,America/Swift_Current
CJR5,America/Winnipeg
CJR7,America/Regina
CJR8,America/Winnipeg
CJR9,America/Regina
CJS2,America/Regina
CJS3,America/Regina
CJS4,America/Regina
CJS5,America/Winnipeg
CJS7,America/Winnipeg
CJT2,America/Winnipeg
CJT3,America/Winnipeg
CJT4,America/Regina
CJT5,America/Winnipeg
CJT8,America/Winnipeg
CJT9,America/Swift_Current
CJU3,America/Winnipeg
CJU4,America/Regina
CJU5,America/Winnipeg
CJU6,America/Winnipeg
CJU7,America/Swift_Current
CJV2,America/Edmonton
CJV4,America/Regina
CJV5,America/Winnipeg
CJV7,America/Toronto
CJV8,America/Winnipeg
CJV9,America/Regina
CJW2,America/Regina
CJW3,America/Swift_Current
CJW4,America/Regina
CJW5,America/Winnipeg
CJW7,America/Regina
CJX4,America/Swift_Current
CJX5,America/Winnipeg
CJY3,America/Regina
CJY4,America/Regina
CJY5,America/Winnipeg
CJZ2,America/Winnipeg
CJZ3,America/Regina
CJZ4,America/Regina
CKA2,America/Vancouver
CKA4,America/Winnipeg
CKA8,America/Winnipeg
CKA9,America/Regina
CKB2,America/Regina
CKB6,America/Winnipeg
CKB7,America/Winnipeg
CKB8,America/Winnipeg
CKC6,America/Regina
CKC7,America/Regina
CKC8,America/Winnipeg
CKC9,America/Regina
CKD2,America/Regina
CKD5,America/Regina
CKD7,America/Winnipeg
CKD8,America/Toronto
CKD9,America/Winnipeg
CKE2,America/Regina
CKE8,America/Swift_Current
CKF2,America/Regina
CKF4,America/Swift_Current
CKF6,America/Winnipeg
CKF8,America/Toronto
CKF9,America/Winnipeg
CKG2,America/Winnipeg
CKG5,America/Winnipeg
CKG8,America/Toronto
CKH2,America/Regina
CKH3,America/Swift_Current
CKH7,America/Swift_Current
CKH8,America/Regina
CKJ2,America/Winnipeg
CKJ4,America/Regina
CKJ7,America/Winnipeg
CKJ8,America/Winnipeg
CKJ9,America/Regina
CKK2,America/Regina
CKK3,America/Regina
CKK4,America/Regina
CKK7,America/Winnipeg
CKL2,America/Winnipeg
CKL3,America/Winnipeg
CKL5,America/Winnipeg
CKL6,America/Regina
CKL9,America/Regina
CKM2,America/Winnipeg
CKM4,America/Regina
CKM6,America/Winnipeg
CKM8,America/Winnipeg
CKN5,America/Regina
CKN8,America/Regina
CKP2,America/Regina
CKQ2,America/Regina
CKQ3,America/Winnipeg
CKQ5,America/Swift_Current
CKQ6,America/Winnipeg
CKQ7,America/Winnipeg
CKQ8,America/Regina
CKQ9,America/Winnipeg
CKR4,America/Winnipeg
CKR7,America/Winnipeg
CKS3,America/Regina
CKS6,America/Regina
CKS7,America/Regina
CKS8,America/Regina
CKS9,America/Toronto
CKT5,America/Winnipeg
CKT7,America/Regina
CKU2,America/Winnipeg
CKU4,America/Swift_Current
CKU5,America/Regina
CKU6,America/Regina
CKU7,America/Regina
CKV2,America/Regina
CKV4,America/Winnipeg
CKV6,America/Regina
CKV7,America/Regina
CKW6,America/Regina
CKX4,America/Winnipeg
CKX5,America/Swift_Current
CKX8,America/Swift_Current
CKY2,America/Regina
CKY8,America/Edmonton
CKZ3,America/Winnipeg
CKZ5,America/Halifax
CKZ6,America/Winnipeg
CKZ7,America/Winnipeg
CLA2,America/Toronto
CLA4,America/Toronto
CLA5,America/Edmonton
CLA6,America/Toronto
CLB2,America/Toronto
CLC2,America/Toronto
CLC4,America/Regina
CLE4,America/Halifax
CLG3,America/Edmonton
CLG7,America/Edmonton
CLH5,America/Toronto
CLJ3,America/Edmonton
CLM2,America/Toronto
CLN4,America/Edmonton
CLS3,America/Edmonton
CLV2,America/Toronto
CLW3,America/Toronto
CLW6,America/Toronto
CMA2,America/Toronto
CMB2,America/Rankin_Inlet
CMB7,America/Toronto
CME2,America/Toronto
CME3,America/Toronto
CMF2,America/Edmonton
CMF3,America/Edmonton
CMF4,America/Toronto
CML2,America/Vancouver
CML5,America/Toronto
CML7,America/Whitehorse
CML8,America/Toronto
CMN3,America/Toronto
CMN4,America/Whitehorse
CMN5,America/Toronto
CMN6,America/Edmonton
CMW3,America/Toronto
CMW4,America/Toronto
CMZ2,America/Toronto
CNA2,America/Toronto
CNA3,America/Toronto
CNA4,America/Toronto
CNA9,America/Toronto
CNC3,America/Toronto
CNC4,America/Toronto
CND4,America/Toronto
CNE3,America/Winnipeg
CNE4,America/Toronto
CNE9,America/Toronto
CNF3,America/Toronto
CNF4,America/Toronto
CNF8,America/Toronto
CNF9,America/Toronto
CNH2,America/Goose_Bay
CNJ3,America/Toronto
CNJ4,America/Toronto
CNK4,America/Toronto
CNL2,America/Edmonton
CNL3,America/Toronto
CNL4,America/Toronto
CNL7,America/Toronto
CNL8,America/Toronto
CNL9,America/Winnipeg
CNM2,America/Toronto
CNM5,America/Winnipeg
CNN3,America/Toronto
CNN8,America/Toronto
CNP3,America/Toronto
CNP6,America/Edmonton
CNP7,America/Toronto
CNP8,America/Toronto
CNQ3,America/Toronto
CNQ4,America/Toronto
CNR2,America/Toronto
CNR4,America/Toronto
CNR6,America/Toronto
CNR9,America/Toronto
CNS4,America/Toronto
CNT6,America/Toronto
CNU4,America/Toronto
CNU8,America/Toronto
CNV4,America/Toronto
CNV8,America/Toronto
CNV9,America/Toronto
CNW3,America/Toronto
CNX3,America/Toronto
CNX8,America/Toronto
CNY3,America/Toronto
CNY4,America/Toronto
CNZ4,America/Toronto
CNZ8,America/Toronto
COB4,America/Toronto
COL2,America/Toronto
COP5,America/Toronto
COR3,America/Toronto
COS2,America/Toronto
CPA4,America/Toronto
CPB5,America/Regina
CPB8,America/Edmonton
CPB9,America/Toronto
CPC2,America/Toronto
CPC3,America/Toronto
CPC6,America/Toronto
CPD2,America/Toronto
CPD4,America/Toronto
CPE3,America/Toronto
CPE4,America/Toronto
CPE5,America/Toronto
CPE6,America/Toronto
CPF2,America/Toronto
CPF3,America/Toronto
CPF4,America/Toronto
CPF6,America/Toronto
CPF7,America/Toronto
CPG4,America/Toronto
CPG5,America/Toronto
CPG7,America/Toronto
CPH2,America/Toronto
CPH9,America/Toronto
CPJ5,America/Toronto
CPJ6,America/Winnipeg
CPK2,America/Toronto
CPK9,America/Toronto
CPL3,America/Toronto
CPL4,America/Toronto
CPL6,America/Edmonton
CPM3,America/Toronto
CPM5,America/Toronto
CPM7,America/Toronto
CPN5,America/Toronto
CPN8,America/Toronto
CPP3,America/Toronto
CPP6,America/Toronto
CPR2,America/Toronto
CPR3,America/Toronto
CPR5,America/Toronto
CPR7,America/Toronto
CPR9,America/Toronto
CPS2,America/Toronto
CPS4,America/Toronto
CPS5,America/Toronto
CPT2,America/Toronto
CPT3,America/Toronto
CPT9,America/Toronto
CPU3,America/Toronto
CPU6,America/Toronto
CPV2,America/Toronto
CPV4,America/Toronto
CPV8,America/Winnipeg
CPV9,America/Swift_Current
CPY9,America/Toronto
CPZ3,America/Toronto
CRA2,America/Toronto
CRB2,America/Toronto
CRB4,America/Toronto
CRB5,America/Toronto
CRC3,America/Vancouver
CRD5,America/Edmonton
CRD6,America/Edmonton
CRE2,America/Edmonton
CRE3,America/Toronto
CRF3,America/Edmonton
CRF4,America/Edmonton
CRF5,America/Regina
CRG3,America/Toronto
CRHA,America/Vancouver
CRK2,America/Edmonton
CRL2,America/Toronto
CRL4,America/Edmonton
CRL7,America/Regina
CRL9,America/Toronto
CRM2,America/Winnipeg
CRM3,America/Toronto
CRM4,America/Moncton
CRM5,America/Toronto
CRML,America/Toronto
CRP2,America/Winnipeg
CRS3,America/Edmonton
CRS4,America/Toronto
CRS7,America/Toronto
CRT2,America/Toronto
CRV3,America/Toronto
CSA2,America/Toronto
CSB2,America/Halifax
CSB3,America/Toronto
CSB5,America/Moncton
CSB7,America/Toronto
CSC3,America/Toronto
CSC9,America/Toronto
CSD3,America/Toronto
CSD4,America/Toronto
CSD7,America/Toronto
CSE3,America/Toronto
CSE4,America/Toronto
CSE5,America/Toronto
CSF3,America/Toronto
CSF4,America/Toronto
CSF5,America/Edmonton
CSF7,America/Toronto
CSG3,America/Toronto
CSG5,America/Toronto
CSH2,America/Toronto
CSH4,America/Toronto
CSH5,America/Toronto
CSJ2,America/Toronto
CSJ4,America/Toronto
CSJ5,America/Toronto
CSK4,America/Toronto
CSK5,America/Toronto
CSK6,America/Edmonton
CSL3,America/Toronto
CSL5,America/Toronto
CSL7,America/Regina
CSL9,America/Toronto
CSM3,America/Toronto
CSM5,America/Toronto
CSN3,America/Toronto
CSN7,America/Toronto
CSP3,America/Edmonton
CSP5,America/Toronto
CSP6,America/Toronto
CSQ3,America/Toronto
CSR2,America/Winnipeg
CSR3,America/Toronto
CSR8,America/Toronto
CSS4,America/Toronto
CST3,America/Toronto
CST7,America/Toronto
CSU2,America/Toronto
CSU3,America/Toronto
CSU5,America/Toronto
CSV8,America/Toronto
CSW6,America/Toronto
CSX3,America/Toronto
CSX5,America/Toronto
CSX7,America/Toronto
CSY3,America/Toronto
CSY4,America/Toronto
CSZ3,America/Toronto
CSZ4,America/Toronto
CTA3,America/Toronto
CTA4,America/Toronto
CTA6,America/Toronto
CTB6,America/Blanc-Sablon
CTB8,America/Edmonton
CTE5,America/Toronto
CTF3,America/Toronto
CTF4,America/Toronto
CTF5,America/Swift_Current
CTG3,America/Toronto
CTH2,America/Edmonton
CTH3,America/Toronto
CTH8,America/Toronto
CTJ3,America/Toronto
CTK2,America/Toronto
CTK6,America/Blanc-Sablon
CTK7,America/Toronto
CTM7,America/Edmonton
CTN6,America/Winnipeg
CTN8,America/Toronto
CTP9,America/Toronto
CTQ2,America/Toronto
CTQ6,America/Toronto
CTR6,America/Toronto
CTT5,America/Blanc-Sablon
CTU2,America/Toronto
CTU5,America/Blanc-Sablon
CTV4,America/Toronto
CTY4,America/Edmonton
CTY5,America/Toronto
CVB2,America/Goose_Bay
CVF2,America/Toronto
CVF3,America/Toronto
CVL3,America/Toronto
CVM2,America/Toronto
CVS2,America/Edmonton
CWB2,America/Toronto
CWC1,America/Regina
CWF2,America/Toronto
CWF4,America/Toronto
CWJC,America/Rankin_Inlet
CWL3,America/Edmonton
CWL4,America/Winnipeg
CWOB,America/Iqaluit
CWP5,America/Toronto
CWR2,America/Edmonton
CYAB,America/Rankin_Inlet
CYAC,America/Winnipeg
CYAD,America/Toronto
CYAG,America/Winnipeg
CYAH,America/Toronto
CYAL,America/Vancouver
CYAM,America/Toronto
CYAQ,America/Winnipeg
CYAS,America/Toronto
CYAT,America/Toronto
CYAU,America/Halifax
CYAV,America/Winnipeg
CYAX,America/Winnipeg
CYAY,America/St_Johns
CYAZ,America/Vancouver
CYBA,America/Edmonton
CYBB,America/Cambridge_Bay
CYBC,America/Toronto
CYBD,America/Vancouver
CYBE,America/Regina
CYBF,America/Edmonton
CYBG,America/Toronto
CYBK,America/Rankin_Inlet
CYBL,America/Vancouver
CYBP,America/Edmonton
CYBQ,America/Winnipeg
CYBR,America/Winnipeg
CYBT,America/Winnipeg
CYBU,America/Regina
CYBV,America/Winnipeg
CYBW,America/Edmonton
CYBX,America/Blanc-Sablon
CYCA,America/Goose_Bay
CYCB,America/Cambridge_Bay
CYCC,America/Toronto
CYCD,America/Vancouver
CYCE,America/Toronto
CYCG,America/Vancouver
CYCH,America/Moncton
CYCK,America/Toronto
CYCL,America/Moncton
CYCN,America/Toronto
CYCO,America/Cambridge_Bay
CYCP,America/Vancouver
CYCQ,America/Dawson_Creek
CYCR,America/Winnipeg
CYCS,America/Rankin_Inlet
CYCT,America/Edmonton
CYCW,America/Vancouver
CYCY,America/Iqaluit
CYCZ,America/Edmonton
CYDA,America/Dawson
CYDB,America/Dawson
CYDC,America/Vancouver
CYDF,America/St_Johns
CYDL,America/Vancouver
CYDM,America/Whitehorse
CYDN,America/Winnipeg
CYDO,America/Toronto
CYDP,America/Goose_Bay
CYDQ,America/Dawson_Creek
CYEA,America/Edmonton
CYEE,America/Toronto
CYEG,America/Edmonton
CYEK,America/Rankin_Inlet
CYEL,America/Toronto
CYEM,America/Toronto
CYEN,America/Regina
CYER,America/Toronto
CYES,America/Moncton
CYET,America/Edmonton
CYEU,America/Atikokan
CYEV,America/Inuvik
CYEY,America/Toronto
CYFA,America/Toronto
CYFB,America/Iqaluit
CYFC,America/Moncton
CYFD,America/Toronto
CYFE,America/Toronto
CYFH,America/Toronto
CYFJ,America/Toronto
CYFO,America/Winnipeg
CYFR,America/Edmonton
CYFS,America/Inuvik
CYFT,America/Goose_Bay
CYG2,America/Toronto
CYGB,America/Vancouver
CYGD,America/Toronto
CYGE,America/Edmonton
CYGH,America/Inuvik
CYGK,America/Toronto
CYGL,America/Toronto
CYGM,America/Winnipeg
CYGO,America/Winnipeg
CYGP,America/Toronto
CYGQ,America/Toronto
CYGR,America/Halifax
CYGT,America/Iqaluit
CYGV,America/Toronto
CYGW,America/Toronto
CYGX,America/Winnipeg
CYGZ,America/Iqaluit
CYHA,America/Toronto
CYHB,America/Regina
CYHD,America/Winnipeg
CYHE,America/Vancouver
CYHF,America/Toronto
CYHH,America/Toronto
CYHI,America/Edmonton
CYHK,America/Cambridge_Bay
CYHM,America/Toronto
CYHN,America/Toronto
CYHO,America/Goose_Bay
CYHP,America/Winnipeg
CYHR,America/Blanc-Sablon
CYHS,America/Toronto
CYHT,America/Whitehorse
CYHU,America/Toronto
CYHY,America/Edmonton
CYHZ,America/Halifax
CYIB,America/Atikokan
CYID,America/Halifax
CYIF,America/Blanc-Sablon
CYIK,America/Toronto
CYIO,America/Iqaluit
CYIV,America/Winnipeg
CYJA,America/Edmonton
CYJF,America/Inuvik
CYJM,America/Vancouver
CYJN,America/Toronto
CYJP,America/Edmonton
CYJQ,America/Vancouver
CYJT,America/St_Johns
CYKA,America/Vancouver
CYKC,America/Regina
CYKD,America/Inuvik
CYKF,America/Toronto
CYKG,America/Toronto
CYKJ,America/Regina
CYKL,America/Toronto
CYKM,America/Toronto
CYKO,America/Toronto
CYKP,America/Toronto
CYKQ,America/Toronto
CYKT,America/Vancouver
CYKX,America/Toronto
CYKY,America/Swift_Current
CYLA,America/Toronto
CYLB,America/Edmonton
CYLC,America/Iqaluit
CYLD,America/Toronto
CYLH,America/Toronto
CYLI,America/Vancouver
CYLJ,America/Swift_Current
CYLK,America/Edmonton
CYLL,America/Edmonton
CYLQ,America/Toronto
CYLR,America/Winnipeg
CYLS,America/Toronto
CYLT,America/Iqaluit
CYLU,America/Toronto
CYLW,America/Vancouver
CYMA,America/Whitehorse
CYME,America/Toronto
CYMG,America/Toronto
CYMH,America/St_Johns
CYMJ,America/Regina
CYML,America/Toronto
CYMM,America/Edmonton
CYMO,America/Toronto
CYMT,America/Toronto
CYMU,America/Toronto
CYMW,America/Toronto
CYMX,America/Toronto
CYMY,America/Winnipeg
CYNA,America/Blanc-Sablon
CYNC,America/Toronto
CYND,America/Toronto
CYNE,America/Winnipeg
CYNH,America/Dawson_Creek
CYNJ,America/Vancouver
CYNL,America/Regina
CYNM,America/Toronto
CYNN,America/Winnipeg
CYNR,America/Edmonton
CYOA,America/Edmonton
CYOC,America/Dawson
CYOD,America/Edmonton
CYOH,America/Winnipeg
CYOJ,America/Edmonton
CYOO,America/Toronto
CYOP,America/Edmonton
CYOS,America/Toronto
CYOW,America/Toronto
CYPA,America/Regina
CYPC,America/Inuvik
CYPD,America/Glace_Bay
CYPE,America/Edmonton
CYPG,America/Winnipeg
CYPH,America/Toronto
CYPK,America/Vancouver
CYPL,America/Atikokan
CYPM,America/Winnipeg
CYPN,America/Toronto
CYPO,America/Toronto
CYPP,America/Toronto
CYPQ,America/Toronto
CYPR,America/Vancouver
CYPS,America/Vancouver
CYPT,America/Toronto
CYPU,America/Vancouver
CYPW,America/Vancouver
CYPX,America/Toronto
CYPY,America/Edmonton
CYPZ,America/Vancouver
CYQA,America/Toronto
CYQB,America/Toronto
CYQD,America/Winnipeg
CYQF,America/Edmonton
CYQG,America/Toronto
CYQH,America/Whitehorse
CYQI,America/Halifax
CYQK,America/Winnipeg
CYQL,America/Edmonton
CYQM,America/Moncton
CYQN,America/Toronto
CYQQ,America/Vancouver
CYQR,America/Regina
CYQS,America/Toronto
CYQT,America/Toronto
CYQU,America/Edmonton
CYQV,America/Regina
CYQW,America/Swift_Current
CYQX,America/St_Johns
CYQY,America/Glace_Bay
CYQZ,America/Vancouver
CYRA,America/Edmonton
CYRB,America/Resolute
CYRC,America/Toronto
CYRI,America/Toronto
CYRJ,America/Toronto
CYRL,America/Winnipeg
CYRM,America/Edmonton
CYRO,America/Toronto
CYRP,America/Toronto
CYRQ,America/Toronto
CYRS,America/Winnipeg
CYRT,America/Rankin_Inlet
CYRV,America/Vancouver
CYSA,America/Toronto
CYSB,America/Toronto
CYSC,America/Toronto
CYSE,America/Vancouver
CYSF,America/Regina
CYSG,America/Toronto
CYSH,America/Toronto
CYSJ,America/Moncton
CYSK,America/Iqaluit
CYSL,America/Moncton
CYSM,America/Edmonton
CYSN,America/Toronto
CYSP,America/Toronto
CYSQ,America/Vancouver
CYST,America/Winnipeg
CYSU,America/Halifax
CYSW,America/Edmonton
CYSY,America/Inuvik
CYSZ,America/Toronto
CYTA,America/Toronto
CYTE,America/Iqaluit
CYTF,America/Toronto
CYTH,America/Winnipeg
CYTL,America/Winnipeg
CYTN,America/Halifax
CYTQ,America/Toronto
CYTR,America/Toronto
CYTS,America/Toronto
CYTZ,America/Toronto
CYUB,America/Inuvik
CYUL,America/Toronto
CYUT,America/Rankin_Inlet
CYUX,America/Iqaluit
CYUY,America/Toronto
CYVB,America/Toronto
CYVC,America/Regina
CYVD,America/Winnipeg
CYVG,America/Edmonton
CYVK,America/Vancouver
CYVL,America/Inuvik
CYVM,America/Iqaluit
CYVO,America/Toronto
CYVP,America/Toronto
CYVQ,America/Inuvik
CYVR,America/Vancouver
CYVT,America/Regina
CYVV,America/Toronto
CYVZ,America/Winnipeg
CYWE,America/Edmonton
CYWG,America/Winnipeg
CYWJ,America/Inuvik
CYWK,America/Goose_Bay
CYWL,America/Vancouver
CYWM,America/Edmonton
CYWP,America/Toronto
CYWV,America/Edmonton
CYWY,America/Inuvik
CYXC,America/Edmonton
CYXE,America/Regina
CYXH,America/Edmonton
CYXJ,America/Dawson_Creek
CYXK,America/Toronto
CYXL,America/Winnipeg
CYXN,America/Rankin_Inlet
CYXP,America/Iqaluit
CYXQ,America/Dawson
CYXR,America/Toronto
CYXS,America/Vancouver
CYXT,America/Vancouver
CYXU,America/Toronto
CYXX,America/Vancouver
CYXY,America/Whitehorse
CYXZ,America/Toronto
CYYB,America/Toronto
CYYC,America/Edmonton
CYYD,America/Vancouver
CYYE,America/Fort_Nelson
CYYF,America/Vancouver
CYYG,America/Halifax
CYYH,America/Cambridge_Bay
CYYJ,America/Vancouver
CYYL,America/Winnipeg
CYYM,America/Edmonton
CYYN,America/Swift_Current
CYYO,America/Regina
CYYQ,America/Winnipeg
CYYR,America/Goose_Bay
CYYT,America/St_Johns
CYYU,America/Toronto
CYYW,America/Toronto
CYYY,America/Toronto
CYYZ,America/Toronto
CYZE,America/Toronto
CYZF,America/Edmonton
CYZG,America/Toronto
CYZH,America/Edmonton
CYZP,America/Vancouver
CYZR,America/Toronto
CYZS,America/Atikokan
CYZT,America/Vancouver
CYZU,America/Edmonton
CYZV,America/Toronto
CYZW,America/Whitehorse
CYZX,America/Halifax
CYZY,America/Vancouver
CZAC,America/Winnipeg
CZAM,America/Vancouver
CZBA,America/Toronto
CZBB,America/Vancouver
CZBD,America/Winnipeg
CZBF,America/Moncton
CZBM,America/Toronto
CZEE,America/Winnipeg
CZEM,America/Toronto
CZF2,America/Toronto
CZFA,America/Whitehorse
CZFD,America/Regina
CZFG,America/Winnipeg
CZFM,America/Inuvik
CZFN,America/Inuvik
CZGF,America/Vancouver
CZGI,America/Winnipeg
CZGR,America/Winnipeg
CZHP,America/Edmonton
CZJG,America/Winnipeg
CZJN,America/Winnipeg
CZKE,America/Toronto
CZLQ,America/Winnipeg
CZMD,America/Winnipeg
CZML,America/Vancouver
CZMN,America/Winnipeg
CZMT,America/Vancouver
CZNG,America/Winnipeg
CZNL,America/Vancouver
CZPB,America/Winnipeg
CZPC,America/Edmonton
CZPO,America/Regina
CZRJ,America/Winnipeg
CZSJ,America/Winnipeg
CZSN,America/Winnipeg
CZST,America/Vancouver
CZTA,America/Winnipeg
CZTM,America/Winnipeg
CZUC,America/Winnipeg
CZUM,America/Goose_Bay
CZVL,America/Edmonton
CZWH,America/Winnipeg
CZWL,America/Regina
EBAM,Europe/Brussels
EBAR,Europe/Brussels
EBAV,Europe/Brussels
EBAW,Europe/Brussels
EBBE,Europe/Brussels
EBBL,Europe/Brussels
EBBN,Europe/Brussels
EBBR,Europe/Brussels
EBBT,Europe/Brussels
EBBX,Europe/Brussels
EBBY,Europe/Brussels
EBBZ,Europe/Brussels
EBCF,Europe/Brussels
EBCI,Europe/Brussels
EBCV,Europe/Brussels
EBDT,Europe/Brussels
EBFN,Europe/Brussels
EBFS,Europe/Brussels
EBGB,Europe/Brussels
EBGG,Europe/Brussels
EBHN,Europe/Brussels
EBIS,Europe/Brussels
EBKH,Europe/Brussels
EBKT,Europe/Brussels
EBLE,Europe/Brussels
EBLG,Europe/Brussels
EBMB,Europe/Brussels
EBMG,Europe/Brussels
EBML,Europe/Brussels
EBMO,Europe/Brussels
EBNM,Europe/Brussels
EBOS,Europe/Brussels
EBSG,Europe/Brussels
EBSH,Europe/Brussels
EBSL,Europe/Brussels
EBSM,Europe/Brussels
EBSP,Europe/Brussels
EBST,Europe/Brussels
EBSU,Europe/Brussels
EBTN,Europe/Brussels
EBTX,Europe/Brussels
EBTY,Europe/Brussels
EBUL,Europe/Brussels
EBWE,Europe/Brussels
EBZH,Europe/Brussels
EBZR,Europe/Brussels
EBZU,Europe/Brussels
EBZW,Europe/Brussels
EDAB,Europe/Berlin
EDAC,Europe/Berlin
EDAD,Europe/Berlin
EDAE,Europe/Berlin
EDAG,Europe/Berlin
EDAH,Europe/Berlin
EDAI,Europe/Berlin
EDAJ,Europe/Berlin
EDAK,Europe/Berlin
EDAM,Europe/Berlin
EDAN,Europe/Berlin
EDAO,Europe/Berlin
EDAP,Europe/Berlin
EDAQ,Europe/Berlin
EDAR,Europe/Berlin
EDAS,Europe/Berlin
EDAT,Europe/Berlin
EDAU,Europe/Berlin
EDAV,Europe/Berlin
EDAW,Europe/Berlin
EDAX,Europe/Berlin
EDAY,Europe/Berlin
EDAZ,Europe/Berlin
EDBA,Europe/Berlin
EDBC,Europe/Berlin
EDBE,Europe/Berlin
EDBF,Europe/Berlin
EDBG,Europe/Berlin
EDBH,Europe/Berlin
EDBI,Europe/Berlin
EDBJ,Europe/Berlin
EDBK,Europe/Berlin
EDBL,Europe/Berlin
EDBM,Europe/Berlin
EDBN,Europe/Berlin
EDBO,Europe/Berlin
EDBP,Europe/Berlin
EDBQ,Europe/Berlin
EDBR,Europe/Berlin
EDBS,Europe/Berlin
EDBT,Europe/Berlin
EDBU,Europe/Berlin
EDBV,Europe/Berlin
EDBW,Europe/Berlin
EDBX,Europe/Berlin
EDBY,Europe/Berlin
EDBZ,Europe/Berlin
EDCA,Europe/Berlin
EDCB,Europe/Berlin
EDCE,Europe/Berlin
EDCG,Europe/Berlin
EDCH,Europe/Berlin
EDCI,Europe/Berlin
EDCJ,Europe/Berlin
EDCK,Europe/Berlin
EDCL,Europe/Berlin
EDCM,Europe/Berlin
EDCO,Europe/Berlin
EDCP,Europe/Berlin
EDCQ,Europe/Berlin
EDCR,Europe/Berlin
EDCS,Europe/Berlin
EDCT,Europe/Berlin
EDCU,Europe/Berlin
EDCV,Europe/Berlin
EDCW,Europe/Berlin
EDCX,Europe/Berlin
EDCY,Europe/Berlin
EDDB,Europe/Berlin
EDDC,Europe/Berlin
EDDE,Europe/Berlin
EDDF,Europe/Berlin
EDDG,Europe/Berlin
EDDH,Europe/Berlin
EDDK,Europe/Berlin
EDDL,Europe/Berlin
EDDM,Europe/Berlin
EDDN,Europe/Berlin
EDDP,Europe/Berlin
EDDR,Europe/Berlin
EDDS,Europe/Berlin
EDDV,Europe/Berlin
EDDW,Europe/Berlin
EDEB,Europe/Berlin
EDEG,Europe/Berlin
EDEH,Europe/Berlin
EDEL,Europe/Berlin
EDEM,Europe/Berlin
EDEN,Europe/Berlin
EDEP,Europe/Berlin
EDEQ,Europe/Berlin
EDER,Europe/Berlin
EDEW,Europe/Berlin
EDFA,Europe/Berlin
EDFB,Europe/Berlin
EDFC,Europe/Berlin
EDFD,Europe/Berlin
EDFE,Europe/Berlin
EDFG,Europe/Berlin
EDFH,Europe/Berlin
EDFI,Europe/Berlin
EDFJ,Europe/Berlin
EDFK,Europe/Berlin
EDFL,Europe/Berlin
EDFM,Europe/Berlin
EDFN,Europe/Berlin
EDFO,Europe/Berlin
EDFP,Europe/Berlin
EDFQ,Europe/Berlin
EDFR,Europe/Berlin
EDFS,Europe/Berlin
EDFT,Europe/Berlin
EDFU,Europe/Berlin
EDFV,Europe/Berlin
EDFW,Europe/Berlin
EDFX,Europe/Berlin
EDFY,Europe/Berlin
EDFZ,Europe/Berlin
EDGA,Europe/Berlin
EDGB,Europe/Berlin
EDGE,Europe/Berlin
EDGF,Europe/Berlin
EDGH,Europe/Berlin
EDGI,Europe/Berlin
EDGJ,Europe/Berlin
EDGK,Europe/Berlin
EDGM,Europe/Berlin
EDGO,Europe/Berlin
EDGP,Europe/Berlin
EDGQ,Europe/Berlin
EDGR,Europe/Berlin
EDGS,Europe/Berlin
EDGT,Europe/Berlin
EDGU,Europe/Berlin
EDGW,Europe/Berlin
EDGX,Europe/Berlin
EDGZ,Europe/Berlin
EDHB,Europe/Berlin
EDHC,Europe/Berlin
EDHD,Europe/Berlin
EDHE,Europe/Berlin
EDHF,Europe/Berlin
EDHG,Europe/Berlin
EDHI,Europe/Berlin
EDHK,Europe/Berlin
EDHL,Europe/Berlin
EDHM,Europe/Berlin
EDHN,Europe/Berlin
EDHO,Europe/Berlin
EDHS,Europe/Berlin
EDHU,Europe/Berlin
EDHW,Europe/Berlin
EDJA,Europe/Berlin
EDJG,Europe/Berlin
EDKA,Europe/Berlin
EDKB,Europe/Berlin
EDKD,Europe/Berlin
EDKF,Europe/Berlin
EDKH,Europe/Berlin
EDKI,Europe/Berlin
EDKL,Europe/Berlin
EDKM,Europe/Berlin
EDKN,Europe/Berlin
EDKO,Europe/Berlin
EDKP,Europe/Berlin
EDKR,Europe/Berlin
EDKU,Europe/Berlin
EDKV,Europe/Berlin
EDKW,Europe/Berlin
EDKZ,Europe/Berlin
EDLA,Europe/Berlin
EDLB,Europe/Berlin
EDLC,Europe/Berlin
EDLD,Europe/Berlin
EDLE,Europe/Berlin
EDLF,Europe/Berlin
EDLG,Europe/Berlin
EDLH,Europe/Berlin
EDLI,Europe/Berlin
EDLJ,Europe/Berlin
EDLK,Europe/Berlin
EDLM,Europe/Berlin
EDLN,Europe/Berlin
EDLO,Europe/Berlin
EDLP,Europe/Berlin
EDLQ,Europe/Berlin
EDLR,Europe/Berlin
EDLS,Europe/Berlin
EDLT,Europe/Berlin
EDLU,Europe/Berlin
EDLV,Europe/Berlin
EDLW,Europe/Berlin
EDLX,Europe/Berlin
EDLY,Europe/Berlin
EDLZ,Europe/Berlin
EDMA,Europe/Berlin
EDMB,Europe/Berlin
EDMC,Europe/Berlin
EDMD,Europe/Berlin
EDME,Europe/Berlin
EDMF,Europe/Berlin
EDMG,Europe/Berlin
EDMH,Europe/Berlin
EDMI,Europe/Berlin
EDMJ,Europe/Berlin
EDMK,Europe/Berlin
EDML,Europe/Berlin
EDMN,Europe/Berlin
EDMO,Europe/Berlin
EDMP,Europe/Berlin
EDMQ,Europe/Berlin
EDMS,Europe/Berlin
EDMT,Europe/Berlin
EDMU,Europe/Berlin
EDMV,Europe/Berlin
EDMW,Europe/Berlin
EDMY,Europe/Berlin
EDNA,Europe/Berlin
EDNB,Europe/Berlin
EDNC,Europe/Berlin
EDND,Europe/Berlin
EDNE,Europe/Berlin
EDNF,Europe/Berlin
EDNG,Europe/Berlin
EDNH,Europe/Berlin
EDNI,Europe/Berlin
EDNJ,Europe/Berlin
EDNK,Europe/Berlin
EDNL,Europe/Berlin
EDNM,Europe/Berlin
EDNO,Europe/Berlin
EDNP,Europe/Berlin
EDNQ,Europe/Berlin
EDNR,Europe/Berlin
EDNS,Europe/Berlin
EDNT,Europe/Berlin
EDNU,Europe/Berlin
EDNV,Europe/Berlin
EDNW,Europe/Berlin
EDNX,Europe/Berlin
EDNY,Europe/Berlin
EDNZ,Europe/Berlin
EDOA,Europe/Berlin
EDOB,Europe/Berlin
EDOC,Europe/Berlin
EDOD,Europe/Berlin
EDOE,Europe/Berlin
EDOF,Europe/Berlin
EDOG,Europe/Berlin
EDOH,Europe/Berlin
EDOI,Europe/Berlin
EDOJ,Europe/Berlin
EDOK,Europe/Berlin
EDOL,Europe/Berlin
EDOM,Europe/Berlin
EDON,Europe/Berlin
EDOQ,Europe/Berlin
EDOR,Europe/Berlin
EDOS,Europe/Berlin
EDOT,Europe/Berlin
EDOU,Europe/Berlin
EDOV,Europe/Berlin
EDOW,Europe/Berlin
EDOX,Europe/Berlin
EDOZ,Europe/Berlin
EDPA,Europe/Berlin
EDPB,Europe/Berlin
EDPC,Europe/Berlin
EDPD,Europe/Berlin
EDPE,Europe/Berlin
EDPF,Europe/Berlin
EDPG,Europe/Berlin
EDPH,Europe/Berlin
EDPI,Europe/Berlin
EDPJ,Europe/Berlin
EDPK,Europe/Berlin
EDPM,Europe/Berlin
EDPO,Europe/Berlin
EDPQ,Europe/Berlin
EDPS,Europe/Berlin
EDPT,Europe/Berlin
EDPU,Europe/Berlin
EDPW,Europe/Berlin
EDPY,Europe/Berlin
EDQA,Europe/Berlin
EDQB,Europe/Berlin
EDQC,Europe/Berlin
EDQD,Europe/Berlin
EDQE,Europe/Berlin
EDQF,Europe/Berlin
EDQG,Europe/Berlin
EDQH,Europe/Berlin
EDQI,Europe/Berlin
EDQK,Europe/Berlin
EDQL,Europe/Berlin
EDQM,Europe/Berlin
EDQN,Europe/Berlin
EDQO,Europe/Berlin
EDQP,Europe/Berlin
EDQR,Europe/Berlin
EDQS,Europe/Berlin
EDQT,Europe/Berlin
EDQW,Europe/Berlin
EDQX,Europe/Berlin
EDQY,Europe/Berlin
EDQZ,Europe/Berlin
EDRA,Europe/Berlin
EDRB,Europe/Berlin
EDRC,Europe/Berlin
EDRD,Europe/Berlin
EDRF,Europe/Berlin
EDRG,Europe/Berlin
EDRH,Europe/Berlin
EDRI,Europe/Berlin
EDRJ,Europe/Berlin
EDRK,Europe/Berlin
EDRL,Europe/Berlin
EDRM,Europe/Berlin
EDRN,Europe/Berlin
EDRO,Europe/Berlin
EDRP,Europe/Berlin
EDRS,Europe/Berlin
EDRT,Europe/Berlin
EDRV,Europe/Berlin
EDRW,Europe/Berlin
EDRX,Europe/Berlin
EDRY,Europe/Berlin
EDRZ,Europe/Berlin
EDSA,Europe/Berlin
EDSB,Europe/Berlin
EDSE,Europe/Berlin
EDSG,Europe/Berlin
EDSH,Europe/Berlin
EDSI,Europe/Berlin
EDSK,Europe/Berlin
EDSL,Europe/Berlin
EDSN,Europe/Berlin
EDSO,Europe/Berlin
EDSP,Europe/Berlin
EDSR,Europe/Berlin
EDST,Europe/Berlin
EDSW,Europe/Berlin
EDSX,Europe/Berlin
EDSZ,Europe/Berlin
EDTB,Europe/Berlin
EDTC,Europe/Berlin
EDTD,Europe/Berlin
EDTF,Europe/Berlin
EDTG,Europe/Berlin
EDTH,Europe/Berlin
EDTL,Europe/Berlin
EDTM,Europe/Berlin
EDTN,Europe/Berlin
EDTO,Europe/Berlin
EDTP,Europe/Berlin
EDTQ,Europe/Berlin
EDTR,Europe/Berlin
EDTS,Europe/Berlin
EDTU,Europe/Berlin
EDTW,Europe/Berlin
EDTX,Europe/Berlin
EDTY,Europe/Berlin
EDTZ,Europe/Berlin
EDUA,Europe/Berlin
EDUF,Europe/Berlin
EDUO,Europe/Berlin
EDUS,Europe/Berlin
EDUW,Europe/Berlin
EDUZ,Europe/Berlin
EDVA,Europe/Berlin
EDVC,Europe/Berlin
EDVE,Europe/Berlin
EDVF,Europe/Berlin
EDVG,Europe/Berlin
EDVH,Europe/Berlin
EDVI,Europe/Berlin
EDVJ,Europe/Berlin
EDVK,Europe/Berlin
EDVL,Europe/Berlin
EDVM,Europe/Berlin
EDVN,Europe/Berlin
EDVR,Europe/Berlin
EDVS,Europe/Berlin
EDVT,Europe/Berlin
EDVU,Europe/Berlin
EDVW,Europe/Berlin
EDVY,Europe/Berlin
EDWC,Europe/Berlin
EDWE,Europe/Berlin
EDWF,Europe/Berlin
EDWG,Europe/Berlin
EDWH,Europe/Berlin
EDWI,Europe/Berlin
EDWJ,Europe/Berlin
EDWK,Europe/Berlin
EDWL,Europe/Berlin
EDWM,Europe/Berlin
EDWN,Europe/Berlin
EDWO,Europe/Berlin
EDWP,Europe/Berlin
EDWQ,Europe/Berlin
EDWR,Europe/Berlin
EDWS,Europe/Berlin
EDWU,Europe/Berlin
EDWV,Europe/Berlin
EDWX,Europe/Berlin
EDWY,Europe/Berlin
EDWZ,Europe/Berlin
EDXA,Europe/Berlin
EDXB,Europe/Berlin
EDXC,Europe/Berlin
EDXD,Europe/Berlin
EDXE,Europe/Berlin
EDXF,Europe/Berlin
EDXG,Europe/Berlin
EDXH,Europe/Berlin
EDXI,Europe/Berlin
EDXJ,Europe/Berlin
EDXK,Europe/Berlin
EDXL,Europe/Berlin
EDXM,Europe/Berlin
EDXN,Europe/Berlin
EDXO,Europe/Berlin
EDXP,Europe/Berlin
EDXQ,Europe/Berlin
EDXR,Europe/Berlin
EDXS,Europe/Berlin
EDXT,Europe/Berlin
EDXU,Europe/Berlin
EDXW,Europe/Berlin
EDXY,Europe/Berlin
EDXZ,Europe/Berlin
EEAA,Europe/Tallinn
EEAE,Europe/Tallinn
EEEI,Europe/Tallinn
EEHA,Europe/Tallinn
EEJI,Europe/Tallinn
EEKA,Europe/Tallinn
EEKE,Europe/Tallinn
EEKI,Europe/Tallinn
EEKO,Europe/Tallinn
EEKU,Europe/Tallinn
EELM,Europe/Tallinn
EELU,Europe/Tallinn
EEMU,Europe/Tallinn
EENA,Europe/Tallinn
EEPA,Europe/Tallinn
EEPU,Europe/Tallinn
EERA,Europe/Tallinn
EERD,Europe/Tallinn
EERI,Europe/Tallinn
EERU,Europe/Tallinn
EETI,Europe/Tallinn
EETN,Europe/Tallinn
EETS,Europe/Tallinn
EETU,Europe/Tallinn
EEVI,Europe/Tallinn
EEVO,Europe/Tallinn
EEVU,Europe/Tallinn
EFAA,Europe/Helsinki
EFAH,Europe/Helsinki
EFAL,Europe/Helsinki
EFET,Europe/Helsinki
EFEU,Europe/Helsinki
EFFO,Europe/Helsinki
EFGE,Europe/Helsinki
EFHA,Europe/Helsinki
EFHK,Europe/Helsinki
EFHL,Europe/Helsinki
EFHM,Europe/Helsinki
EFHN,Europe/Helsinki
EFHP,Europe/Helsinki
EFHV,Europe/Helsinki
EFII,Europe/Helsinki
EFIK,Europe/Helsinki
EFIM,Europe/Helsinki
EFIT,Europe/Helsinki
EFIV,Europe/Helsinki
EFJI,Europe/Helsinki
EFJM,Europe/Helsinki
EFJO,Europe/Helsinki
EFJP,Europe/Helsinki
EFJY,Europe/Helsinki
EFKA,Europe/Helsinki
EFKE,Europe/Helsinki
EFKG,Europe/Mariehamn
EFKH,Europe/Helsinki
EFKI,Europe/Helsinki
EFKJ,Europe/Helsinki
EFKK,Europe/Helsinki
EFKM,Europe/Helsinki
EFKN,Europe/Helsinki
EFKO,Europe/Helsinki
EFKR,Europe/Helsinki
EFKS,Europe/Helsinki
EFKT,Europe/Helsinki
EFKU,Europe/Helsinki
EFKV,Europe/Helsinki
EFKY,Europe/Helsinki
EFLA,Europe/Helsinki
EFLL,Europe/Helsinki
EFLN,Europe/Helsinki
EFLP,Europe/Helsinki
EFMA,Europe/Mariehamn
EFME,Europe/Helsinki
EFMI,Europe/Helsinki
EFML,Europe/Helsinki
EFMN,Europe/Helsinki
EFNS,Europe/Helsinki
EFNU,Europe/Helsinki
EFOP,Europe/Helsinki
EFOU,Europe/Helsinki
EFPA,Europe/Helsinki
EFPI,Europe/Helsinki
EFPK,Europe/Helsinki
EFPN,Europe/Helsinki
EFPO,Europe/Helsinki
EFPR,Europe/Helsinki
EFPU,Europe/Helsinki
EFPY,Europe/Helsinki
EFRA,Europe/Helsinki
EFRH,Europe/Helsinki
EFRN,Europe/Helsinki
EFRO,Europe/Helsinki
EFRU,Europe/Helsinki
EFRV,Europe/Helsinki
EFRY,Europe/Helsinki
EFSA,Europe/Helsinki
EFSE,Europe/Helsinki
EFSI,Europe/Helsinki
EFSO,Europe/Helsinki
EFSU,Europe/Helsinki
EFTO,Europe/Helsinki
EFTP,Europe/Helsinki
EFTU,Europe/Helsinki
EFUT,Europe/Helsinki
EFVA,Europe/Helsinki
EFVI,Europe/Helsinki
EFVL,Europe/Helsinki
EFVP,Europe/Helsinki
EFVR,Europe/Helsinki
EFVT,Europe/Helsinki
EFVU,Europe/Helsinki
EFWB,Europe/Helsinki
EFYL,Europe/Helsinki
EG34,Europe/London
EG3L,Europe/London
EG74,Europe/London
EGAA,Europe/London
EGAB,Europe/London
EGAC,Europe/London
EGAD,Europe/London
EGAE,Europe/London
EGBB,Europe/London
EGBD,Europe/London
EGBE,Europe/London
EGBF,Europe/London
EGBG,Europe/London
EGBJ,Europe/London
EGBK,Europe/London
EGBM,Europe/London
EGBN,Europe/London
EGBO,Europe/London
EGBP,Europe/London
EGBS,Europe/London
EGBT,Europe/London
EGBW,Europe/London
EGCA,Europe/London
EGCB,Europe/London
EGCC,Europe/London
EGCF,Europe/London
EGCG,Europe/London
EGCJ,Europe/London
EGCK,Europe/London
EGCL,Europe/London
EGCS,Europe/London
EGCT,Europe/London
EGCV,Europe/London
EGCW,Europe/London
EGDC,Europe/London
EGDJ,Europe/London
EGDM,Europe/London
EGDN,Europe/London
EGDO,Europe/London
EGDR,Europe/London
EGDW,Europe/London
EGDX,Europe/London
EGDY,Europe/London
EGEC,Europe/London
EGED,Europe/London
EGEF,Europe/London
EGEH,Europe/London
EGEI,Europe/London
EGEL,Europe/London
EGEN,Europe/London
EGEO,Europe/London
EGEP,Europe/London
EGER,Europe/London
EGES,Europe/London
EGET,Europe/London
EGEW,Europe/London
EGEY,Europe/London
EGFA,Europe/London
EGFD,Europe/London
EGFE,Europe/London
EGFF,Europe/London
EGFH,Europe/London
EGFP,Europe/London
EGGD,Europe/London
EGGP,Europe/London
EGGW,Europe/London
EGHA,Europe/London
EGHC,Europe/London
EGHE,Europe/London
EGHF,Europe/London
EGHG,Europe/London
EGHH,Europe/London
EGHI,Europe/London
EGHJ,Europe/London
EGHL,Europe/London
EGHN,Europe/London
EGHO,Europe/London
EGHP,Europe/London
EGHQ,Europe/London
EGHR,Europe/London
EGHS,Europe/London
EGHU,Europe/London
EGHY,Europe/London
EGJA,Europe/Guernsey
EGJB,Europe/Guernsey
EGJJ,Europe/Jersey
EGKA,Europe/London
EGKB,Europe/London
EGKE,Europe/London
EGKH,Europe/London
EGKK,Europe/London
EGKL,Europe/London
EGKR,Europe/London
EGLA,Europe/London
EGLC,Europe/London
EGLD,Europe/London
EGLF,Europe/London
EGLJ,Europe/London
EGLK,Europe/London
EGLL,Europe/London
EGLM,Europe/London
EGLP,Europe/London
EGLS,Europe/London
EGMA,Europe/London
EGMC,Europe/London
EGMD,Europe/London
EGMF,Europe/London
EGMJ,Europe/London
EGML,Europe/London
EGMT,Europe/London
EGNC,Europe/London
EGNE,Europe/London
EGNF,Europe/London
EGNG,Europe/London
EGNH,Europe/London
EGNI,Europe/London
EGNJ,Europe/London
EGNL,Europe/London
EGNM,Europe/London
EGNO,Europe/London
EGNR,Europe/London
EGNS,Europe/Isle_of_Man
EGNT,Europe/London
EGNU,Europe/London
EGNV,Europe/London
EGNW,Europe/London
EGNX,Europe/London
EGNY,Europe/London
EGOE,Europe/London
EGOM,Europe/London
EGOQ,Europe/London
EGOS,Europe/London
EGOV,Europe/London
EGOW,Europe/London
EGPA,Europe/London
EGPB,Europe/London
EGPC,Europe/London
EGPD,Europe/London
EGPE,Europe/London
EGPF,Europe/London
EGPG,Europe/London
EGPH,Europe/London
EGPI,Europe/London
EGPJ,Europe/London
EGPK,Europe/London
EGPL,Europe/London
EGPN,Europe/London
EGPO,Europe/London
EGPR,Europe/London
EGPS,Europe/London
EGPT,Europe/London
EGPU,Europe/London
EGPW,Europe/London
EGQL,Europe/London
EGQS,Europe/London
EGSA,Europe/London
EGSC,Europe/London
EGSD,Europe/London
EGSF,Europe/London
EGSG,Europe/London
EGSH,Europe/London
EGSI,Europe/London
EGSJ,Europe/London
EGSL,Europe/London
EGSM,Europe/London
EGSO,Europe/London
EGSP,Europe/London
EGSQ,Europe/London
EGSR,Europe/London
EGSS,Europe/London
EGST,Europe/London
EGSU,Europe/London
EGSV,Europe/London
EGSW,Europe/London
EGSX,Europe/London
EGTB,Europe/London
EGTC,Europe/London
EGTD,Europe/London
EGTE,Europe/London
EGTF,Europe/London
EGTH,Europe/London
EGTK,Europe/London
EGTO,Europe/London
EGTP,Europe/London
EGTR,Europe/London
EGTU,Europe/London
EGTW,Europe/London
EGUB,Europe/London
EGUD,Europe/London
EGUL,Europe/London
EGUN,Europe/London
EGUW,Europe/London
EGVA,Europe/London
EGVL,Europe/London
EGVN,Europe/London
EGVO,Europe/London
EGVP,Europe/London
EGWC,Europe/London
EGWE,Europe/London
EGWN,Europe/London
EGWU,Europe/London
EGXC,Europe/London
EGXE,Europe/London
EGXG,Europe/London
EGXH,Europe/London
EGXT,Europe/London
EGXW,Europe/London
EGXY,Europe/London
EGXZ,Europe/London
EGYD,Europe/London
EGYE,Europe/London
EGYM,Europe/London
EGZL,Europe/London
EHAL,Europe/Amsterdam
EHAM,Europe/Amsterdam
EHBD,Europe/Amsterdam
EHBK,Europe/Amsterdam
EHDL,Europe/Amsterdam
EHDR,Europe/Amsterdam
EHEH,Europe/Amsterdam
EHGG,Europe/Amsterdam
EHGR,Europe/Amsterdam
EHHO,Europe/Amsterdam
EHHV,Europe/Amsterdam
EHKD,Europe/Amsterdam
EHLE,Europe/Amsterdam
EHLW,Europe/Amsterdam
EHMZ,Europe/Amsterdam
EHOW,Europe/Amsterdam
EHRD,Europe/Amsterdam
EHSE,Europe/Amsterdam
EHST,Europe/Amsterdam
EHTE,Europe/Amsterdam
EHTL,Europe/Amsterdam
EHTW,Europe/Amsterdam
EHTX,Europe/Amsterdam
EHVK,Europe/Amsterdam
EHWO,Europe/Amsterdam
EIAB,Europe/Dublin
EIBA,Europe/Dublin
EIBF,Europe/Dublin
EIBN,Europe/Dublin
EIBR,Europe/Dublin
EIBT,Europe/Dublin
EICA,Europe/Dublin
EICD,Europe/Dublin
EICK,Europe/Dublin
EICL,Europe/Dublin
EICN,Europe/Dublin
EIDL,Europe/Dublin
EIDW,Europe/Dublin
EIER,Europe/Dublin
EIGN,Europe/Dublin
EIHH,Europe/Dublin
EIHN,Europe/Dublin
EIIM,Europe/Dublin
EIIR,Europe/Dublin
EIKH,Europe/Dublin
EIKK,Europe/Dublin
EIKN,Europe/Dublin
EIKY,Europe/Dublin
EILT,Europe/Dublin
EIME,Europe/Dublin
EIMH,Europe/Dublin
EIMN,Europe/Dublin
EINC,Europe/Dublin
EINN,Europe/Dublin
EIRT,Europe/Dublin
EISG,Europe/Dublin
EISP,Europe/Dublin
EISS,Europe/Dublin
EITM,Europe/Dublin
EIWF,Europe/Dublin
EIWT,Europe/Dublin
EKAE,Europe/Copenhagen
EKAH,Europe/Copenhagen
EKAT,Europe/Copenhagen
EKBH,Europe/Copenhagen
EKBI,Europe/Copenhagen
EKCH,Europe/Copenhagen
EKCR,Europe/Copenhagen
EKEB,Europe/Copenhagen
EKEL,Europe/Copenhagen
EKFR,Europe/Copenhagen
EKFS,Europe/Copenhagen
EKFU,Europe/Copenhagen
EKGH,Europe/Copenhagen
EKGL,Europe/Copenhagen
EKGO,Europe/Copenhagen
EKGR,Europe/Copenhagen
EKHE,Europe/Copenhagen
EKHG,Europe/Copenhagen
EKHK,Europe/Copenhagen
EKHM,Europe/Copenhagen
EKHO,Europe/Copenhagen
EKHV,Europe/Copenhagen
EKKA,Europe/Copenhagen
EKKL,Europe/Copenhagen
EKKO,Europe/Copenhagen
EKKS,Europe/Copenhagen
EKLS,Europe/Copenhagen
EKLV,Europe/Copenhagen
EKMB,Europe/Copenhagen
EKMN,Europe/Copenhagen
EKNM,Europe/Copenhagen
EKOD,Europe/Copenhagen
EKPB,Europe/Copenhagen
EKRA,Europe/Copenhagen
EKRD,Europe/Copenhagen
EKRK,Europe/Copenhagen
EKRN,Europe/Copenhagen
EKRS,Europe/Copenhagen
EKSA,Europe/Copenhagen
EKSB,Europe/Copenhagen
EKSD,Europe/Copenhagen
EKSL,Europe/Copenhagen
EKSN,Europe/Copenhagen
EKSP,Europe/Copenhagen
EKSS,Europe/Copenhagen
EKST,Europe/Copenhagen
EKSV,Europe/Copenhagen
EKTD,Europe/Copenhagen
EKTS,Europe/Copenhagen
EKVB,Europe/Copenhagen
EKVD,Europe/Copenhagen
EKVG,Atlantic/Faroe
EKVH,Europe/Copenhagen
EKVJ,Europe/Copenhagen
EKYT,Europe/Copenhagen
ELLX,Europe/Luxembourg
ELNT,Europe/Luxembourg
ELUS,Europe/Luxembourg
ENAE,Europe/Oslo
ENAL,Europe/Oslo
ENAN,Europe/Oslo
ENAS,Arctic/Longyearbyen
ENAT,Europe/Oslo
ENBL,Europe/Oslo
ENBM,Europe/Oslo
ENBN,Europe/Oslo
ENBO,Europe/Oslo
ENBR,Europe/Oslo
ENBS,Europe/Oslo
ENBV,Europe/Oslo
ENCN,Europe/Oslo
ENDI,Europe/Oslo
ENDO,Europe/Oslo
ENDU,Europe/Oslo
ENEG,Europe/Oslo
ENEN,Europe/Oslo
ENEV,Europe/Oslo
ENFA,Europe/Oslo
ENFG,Europe/Oslo
ENFL,Europe/Oslo
ENFY,Europe/Oslo
ENGK,Europe/Oslo
ENGM,Europe/Oslo
ENGN,Europe/Oslo
ENGS,Europe/Oslo
ENHA,Europe/Oslo
ENHD,Europe/Oslo
ENHF,Europe/Oslo
ENHK,Europe/Oslo
ENHL,Europe/Oslo
ENHN,Europe/Oslo
ENHS,Europe/Oslo
ENHT,Europe/Oslo
ENHV,Europe/Oslo
ENJA,Europe/Oslo
ENJB,Europe/Oslo
ENKA,Europe/Oslo
ENKB,Europe/Oslo
ENKJ,Europe/Oslo
ENKL,Europe/Oslo
ENKR,Europe/Oslo
ENLI,Europe/Oslo
ENLK,Europe/Oslo
ENLU,Europe/Oslo
ENMH,Europe/Oslo
ENML,Europe/Oslo
ENMS,Europe/Oslo
ENNA,Europe/Oslo
ENNM,Europe/Oslo
ENNO,Europe/Oslo
ENOL,Europe/Oslo
ENOP,Europe/Oslo
ENOV,Europe/Oslo
ENRA,Europe/Oslo
ENRG,Europe/Oslo
ENRI,Europe/Oslo
ENRK,Europe/Oslo
ENRM,Europe/Oslo
ENRO,Europe/Oslo
ENRS,Europe/Oslo
ENRV,Europe/Oslo
ENRY,Europe/Oslo
ENSB,Arctic/Longyearbyen
ENSD,Europe/Oslo
ENSG,Europe/Oslo
ENSH,Europe/Oslo
ENSI,Europe/Oslo
ENSK,Europe/Oslo
ENSN,Europe/Oslo
ENSO,Europe/Oslo
ENSR,Europe/Oslo
ENSS,Europe/Oslo
ENST,Europe/Oslo
ENSU,Europe/Oslo
ENTC,Europe/Oslo
ENTO,Europe/Oslo
ENTS,Europe/Oslo
ENTY,Europe/Oslo
ENUL,Europe/Oslo
ENVA,Europe/Oslo
ENVD,Europe/Oslo
ENVE,Europe/Oslo
ENZV,Europe/Oslo
EPAR,Europe/Warsaw
EPBA,Europe/Warsaw
EPBB,Europe/Warsaw
EPBC,Europe/Warsaw
EPBK,Europe/Warsaw
EPBY,Europe/Warsaw
EPCD,Europe/Warsaw
EPCE,Europe/Warsaw
EPDA,Europe/Warsaw
EPDE,Europe/Warsaw
EPDK,Europe/Warsaw
EPDS,Europe/Warsaw
EPEL,Europe/Warsaw
EPGD,Europe/Warsaw
EPGE,Europe/Warsaw
EPGI,Europe/Warsaw
EPGL,Europe/Warsaw
EPGM,Europe/Warsaw
EPGR,Europe/Warsaw
EPGS,Europe/Warsaw
EPGY,Europe/Warsaw
EPHN,Europe/Warsaw
EPIN,Europe/Warsaw
EPIR,Europe/Warsaw
EPJA,Europe/Warsaw
EPJG,Europe/Warsaw
EPJL,Europe/Warsaw
EPJS,Europe/Warsaw
EPKA,Europe/Warsaw
EPKB,Europe/Warsaw
EPKD,Europe/Warsaw
EPKE,Europe/Warsaw
EPKI,Europe/Warsaw
EPKK,Europe/Warsaw
EPKL,Europe/Warsaw
EPKM,Europe/Warsaw
EPKN,Europe/Warsaw
EPKP,Europe/Warsaw
EPKR,Europe/Warsaw
EPKS,Europe/Warsaw
EPKT,Europe/Warsaw
EPKW,Europe/Warsaw
EPLB,Europe/Warsaw
EPLK,Europe/Warsaw
EPLL,Europe/Warsaw
EPLR,Europe/Warsaw
EPLS,Europe/Warsaw
EPLU,Europe/Warsaw
EPLY,Europe/Warsaw
EPMB,Europe/Warsaw
EPMI,Europe/Warsaw
EPML,Europe/Warsaw
EPMM,Europe/Warsaw
EPMO,Europe/Warsaw
EPMR,Europe/Warsaw
EPMX,Europe/Warsaw
EPMY,Europe/Warsaw
EPNA,Europe/Warsaw
EPNL,Europe/Warsaw
EPNM,Europe/Warsaw
EPNT,Europe/Warsaw
EPOD,Europe/Warsaw
EPOK,Europe/Warsaw
EPOM,Europe/Warsaw
EPOP,Europe/Warsaw
EPPC,Europe/Warsaw
EPPI,Europe/Warsaw
EPPK,Europe/Warsaw
EPPL,Europe/Warsaw
EPPO,Europe/Warsaw
EPPR,Europe/Warsaw
EPPT,Europe/Warsaw
EPPW,Europe/Warsaw
EPRA,Europe/Warsaw
EPRD,Europe/Warsaw
EPRG,Europe/Warsaw
EPRJ,Europe/Warsaw
EPRP,Europe/Warsaw
EPRS,Europe/Warsaw
EPRU,Europe/Warsaw
EPRZ,Europe/Warsaw
EPSC,Europe/Warsaw
EPSD,Europe/Warsaw
EPSJ,Europe/Warsaw
EPSK,Europe/Warsaw
EPSN,Europe/Warsaw
EPSS,Europe/Warsaw
EPST,Europe/Warsaw
EPSU,Europe/Warsaw
EPSW,Europe/Warsaw
EPSY,Europe/Warsaw
EPTM,Europe/Warsaw
EPTO,Europe/Warsaw
EPVA,Europe/Warsaw
EPWA,Europe/Warsaw
EPWK,Europe/Warsaw
EPWR,Europe/Warsaw
EPWS,Europe/Warsaw
EPZA,Europe/Warsaw
EPZB,Europe/Warsaw
EPZG,Europe/Warsaw
EPZI,Europe/Warsaw
EPZK,Europe/Warsaw
EPZL,Europe/Warsaw
EPZP,Europe/Warsaw
EPZR,Europe/Warsaw
ESCF,Europe/Stockholm
ESCM,Europe/Stockholm
ESDF,Europe/Stockholm
ESFA,Europe/Stockholm
ESFR,Europe/Stockholm
ESFS,Europe/Stockholm
ESGA,Europe/Stockholm
ESGC,Europe/Stockholm
ESGD,Europe/Stockholm
ESGE,Europe/Stockholm
ESGF,Europe/Stockholm
ESGG,Europe/Stockholm
ESGH,Europe/Stockholm
ESGI,Europe/Stockholm
ESGJ,Europe/Stockholm
ESGK,Europe/Stockholm
ESGL,Europe/Stockholm
ESGM,Europe/Stockholm
ESGN,Europe/Stockholm
ESGO,Europe/Stockholm
ESGP,Europe/Stockholm
ESGR,Europe/Stockholm
ESGS,Europe/Stockholm
ESGT,Europe/Stockholm
ESGU,Europe/Stockholm
ESGV,Europe/Stockholm
ESGY,Europe/Stockholm
ESIA,Europe/Stockholm
ESIB,Europe/Stockholm
ESKA,Europe/Stockholm
ESKC,Europe/Stockholm
ESKD,Europe/Stockholm
ESKG,Europe/Stockholm
ESKH,Europe/Stockholm
ESKK,Europe/Stockholm
ESKM,Europe/Stockholm
ESKN,Europe/Stockholm
ESKO,Europe/Stockholm
ESKS,Europe/Stockholm
ESKT,Europe/Stockholm
ESKU,Europe/Stockholm
ESKV,Europe/Stockholm
ESMB,Europe/Stockholm
ESMC,Europe/Stockholm
ESME,Europe/Stockholm
ESMF,Europe/Stockholm
ESMG,Europe/Stockholm
ESMH,Europe/Stockholm
ESMI,Europe/Stockholm
ESMJ,Europe/Stockholm
ESMK,Europe/Stockholm
ESML,Europe/Stockholm
ESMO,Europe/Stockholm
ESMP,Europe/Stockholm
ESMQ,Europe/Stockholm
ESMS,Europe/Stockholm
ESMT,Europe/Stockholm
ESMU,Europe/Stockholm
ESMV,Europe/Stockholm
ESMX,Europe/Stockholm
ESMY,Europe/Stockholm
ESMZ,Europe/Stockholm
ESNA,Europe/Stockholm
ESNB,Europe/Stockholm
ESNC,Europe/Stockholm
ESND,Europe/Stockholm
ESNE,Europe/Stockholm
ESNG,Europe/Stockholm
ESNJ,Europe/Stockholm
ESNK,Europe/Stockholm
ESNL,Europe/Stockholm
ESNM,Europe/Stockholm
ESNN,Europe/Stockholm
ESNO,Europe/Stockholm
ESNP,Europe/Stockholm
ESNQ,Europe/Stockholm
ESNR,Europe/Stockholm
ESNS,Europe/Stockholm
ESNU,Europe/Stockholm
ESNV,Europe/Stockholm
ESNX,Europe/Stockholm
ESNY,Europe/Stockholm
ESNZ,Europe/Stockholm
ESOE,Europe/Stockholm
ESOH,Europe/Stockholm
ESOK,Europe/Stockholm
ESOL,Europe/Stockholm
ESOW,Europe/Stockholm
ESPA,Europe/Stockholm
ESPE,Europe/Stockholm
ESQO,Europe/Stockholm
ESSA,Europe/Stockholm
ESSB,Europe/Stockholm
ESSC,Europe/Stockholm
ESSD,Europe/Stockholm
ESSE,Europe/Stockholm
ESSF,Europe/Stockholm
ESSG,Europe/Stockholm
ESSH,Europe/Stockholm
ESSI,Europe/Stockholm
ESSK,Europe/Stockholm
ESSL,Europe/Stockholm
ESSM,Europe/Stockholm
ESSN,Europe/Stockholm
ESSP,Europe/Stockholm
ESST,Europe/Stockholm
ESSU,Europe/Stockholm
ESSV,Europe/Stockholm
ESSW,Europe/Stockholm
ESSX,Europe/Stockholm
ESSZ,Europe/Stockholm
ESTA,Europe/Stockholm
ESTF,Europe/Stockholm
ESTL,Europe/Stockholm
ESTT,Europe/Stockholm
ESUB,Europe/Stockholm
ESUD,Europe/Stockholm
ESUE,Europe/Stockholm
ESUG,Europe/Stockholm
ESUH,Europe/Stockholm
ESUI,Europe/Stockholm
ESUJ,Europe/Stockholm
ESUK,Europe/Stockholm
ESUL,Europe/Stockholm
ESUM,Europe/Stockholm
ESUO,Europe/Stockholm
ESUP,Europe/Stockholm
ESUR,Europe/Stockholm
ESUS,Europe/Stockholm
ESUT,Europe/Stockholm
ESUV,Europe/Stockholm
ESUY,Europe/Stockholm
ESVA,Europe/Stockholm
ESVB,Europe/Stockholm
ESVG,Europe/Stockholm
ESVH,Europe/Stockholm
ESVK,Europe/Stockholm
ESVM,Europe/Stockholm
ESVQ,Europe/Stockholm
ESVS,Europe/Stockholm
ETAD,Europe/Berlin
ETAR,Europe/Berlin
ETHA,Europe/Berlin
ETHB,Europe/Berlin
ETHC,Europe/Berlin
ETHE,Europe/Berlin
ETHF,Europe/Berlin
ETHL,Europe/Berlin
ETHM,Europe/Berlin
ETHN,Europe/Berlin
ETHR,Europe/Berlin
ETHS,Europe/Berlin
ETIC,Europe/Berlin
ETIH,Europe/Berlin
ETIN,Europe/Berlin
ETMN,Europe/Berlin
ETND,Europe/Berlin
ETNG,Europe/Berlin
ETNH,Europe/Berlin
ETNL,Europe/Berlin
ETNN,Europe/Berlin
ETNS,Europe/Berlin
ETNT,Europe/Berlin
ETNW,Europe/Berlin
ETOI,Europe/Berlin
ETOU,Europe/Berlin
ETSB,Europe/Berlin
ETSH,Europe/Berlin
ETSI,Europe/Berlin
ETSL,Europe/Berlin
ETSN,Europe/Berlin
ETT1,Europe/Berlin
ETWM,Europe/Berlin
EVAD,Europe/Riga
EVAH,Europe/Riga
EVGA,Europe/Riga
EVIA,Europe/Riga
EVKA,Europe/Riga
EVLA,Europe/Riga
EVPA,Europe/Riga
EVRA,Europe/Riga
EVRS,Europe/Riga
EVTA,Europe/Riga
EVTE,Europe/Riga
EVVA,Europe/Riga
EYAL,Europe/Vilnius
EYBI,Europe/Vilnius
EYDR,Europe/Vilnius
EYIG,Europe/Vilnius
EYJB,Europe/Vilnius
EYKA,Europe/Vilnius
EYKD,Europe/Vilnius
EYKL,Europe/Vilnius
EYKS,Europe/Vilnius
EYKT,Europe/Vilnius
EYLN,Europe/Vilnius
EYMA,Europe/Vilnius
EYMM,Europe/Vilnius
EYMO,Europe/Vilnius
EYNA,Europe/Vilnius
EYND,Europe/Vilnius
EYPA,Europe/Vilnius
EYPI,Europe/Vilnius
EYPN,Europe/Vilnius
EYPP,Europe/Vilnius
EYPR,Europe/Vilnius
EYRD,Europe/Vilnius
EYRK,Europe/Vilnius
EYRO,Europe/Vilnius
EYSA,Europe/Vilnius
EYSB,Europe/Vilnius
EYSE,Europe/Vilnius
EYSI,Europe/Vilnius
EYTL,Europe/Vilnius
EYUT,Europe/Vilnius
EYVI,Europe/Vilnius
EYVK,Europe/Vilnius
EYVP,Europe/Vilnius
EYZA,Europe/Vilnius
K00C,America/Denver
K00F,America/Denver
K00M,America/Chicago
K00R,America/Chicago
K00V,America/Denver
K01G,America/New_York
K01M,America/Chicago
K01T,America/Chicago
K02A,America/Chicago
K02C,America/Chicago
K02G,America/New_York
K03B,America/Chicago
K03D,America/Chicago
K04A,America/Chicago
K04G,America/New_York
K04M,America/Chicago
K04Y,America/Chicago
K05C,America/Chicago
K05D,America/Chicago
K05U,America/Los_Angeles
K06A,America/Chicago
K06C,America/Chicago
K06D,America/Chicago
K06M,America/Chicago
K06U,America/Los_Angeles
K07A,America/Chicago
K07F,America/Chicago
K07R,America/Chicago
K07V,America/Denver
K08A,America/Chicago
K08C,America/Detroit
K08D,America/Chicago
K08K,America/Chicago
K08M,America/Chicago
K09A,America/Chicago
K09J,America/New_York
K09K,America/Chicago
K09M,America/Chicago
K09R,America/Chicago
K0A3,America/Chicago
K0A4,America/New_York
K0A7,America/New_York
K0A8,America/Chicago
K0A9,America/New_York
K0B1,America/New_York
K0B4,America/Chicago
K0B5,America/New_York
K0B8,America/New_York
K0C0,America/Chicago
K0C4,America/Chicago
K0D8,America/Chicago
K0E0,America/Denver
K0E8,America/Denver
K0F2,America/Chicago
K0F4,America/Chicago
K0F7,America/Chicago
K0F9,America/Chicago
K0G3,America/Chicago
K0G6,America/New_York
K0G7,America/New_York
K0H1,America/Chicago
K0I8,America/New_York
K0J4,America/Chicago
K0J6,America/Chicago
K0J9,America/Chicago
K0K7,America/Chicago
K0L7,America/Los_Angeles
K0L9,America/Los_Angeles
K0M0,America/Chicago
K0M2,America/Chicago
K0M3,America/Chicago
K0M4,America/Chicago
K0M5,America/Chicago
K0M8,America/Chicago
K0M9,America/Chicago
K0O2,America/Los_Angeles
K0Q5,America/Los_Angeles
K0R0,America/Chicago
K0R1,America/Chicago
K0R3,America/Chicago
K0R4,America/Chicago
K0R5,America/Chicago
K0R6,America/Chicago
K0S0,America/Los_Angeles
K0S7,America/Los_Angeles
K0S9,America/Los_Angeles
K0V3,America/Chicago
K0V4,America/New_York
K0V7,America/Denver
K0VG,America/New_York
K0W3,America/New_York
K10C,America/Chicago
K10G,America/New_York
K10U,America/Los_Angeles
K11A,America/Chicago
K11R,America/Chicago
K11V,America/Denver
K12D,America/Chicago
K12G,America/New_York
K12J,America/Chicago
K12K,America/Chicago
K12N,America/New_York
K12V,America/New_York
K12Y,America/Chicago
K13C,America/Detroit
K13K,America/Chicago
K14A,America/New_York
K14F,America/Chicago
K14G,America/New_York
K14J,America/Chicago
K14M,America/Chicago
K14Y,America/Chicago
K15F,America/Chicago
K15J,America/New_York
K15M,America/Chicago
K16D,America/Chicago
K16G,America/New_York
K16J,America/New_York
K17G,America/New_York
K17J,America/New_York
K17K,America/Chicago
K17M,America/Chicago
K17N,America/New_York
K17V,America/Denver
K18A,America/New_York
K18I,America/New_York
K18V,America/Denver
K19A,America/New_York
K19M,America/Chicago
K19N,America/New_York
K19S,America/Chicago
K1A0,America/New_York
K1A3,America/New_York
K1A4,America/Chicago
K1A5,America/New_York
K1A6,America/New_York
K1A7,America/Chicago
K1A9,America/Chicago
K1B0,America/New_York
K1B1,America/New_York
K1B2,America/New_York
K1B6,America/New_York
K1B9,America/New_York
K1BT,America/Chicago
K1C1,America/Chicago
K1C5,America/Chicago
K1D1,America/Chicago
K1D3,America/Chicago
K1D7,America/Chicago
K1D8,America/Chicago
K1F0,America/Chicago
K1F4,America/Chicago
K1F5,America/Chicago
K1G0,America/New_York
K1G1,America/New_York
K1G3,America/New_York
K1G4,America/Phoenix
K1G5,America/New_York
K1H0,America/Chicago
K1H2,America/Chicago
K1H3,America/Chicago
K1H5,America/Chicago
K1H8,America/Chicago
K1I5,America/New_York
K1J0,America/Chicago
K1K2,America/Chicago
K1K4,America/Chicago
K1K7,America/Chicago
K1K9,America/Chicago
K1L0,America/Chicago
K1L1,America/Los_Angeles
K1L3,America/Los_Angeles
K1L7,America/Denver
K1L8,America/Denver
K1L9,America/Denver
K1M2,America/Chicago
K1M4,America/Chicago
K1M5,America/Chicago
K1M9,America/Chicago
K1MO,America/Chicago
K1N1,America/Denver
K1N7,America/New_York
K1O1,America/Chicago
K1O2,America/Los_Angeles
K1O3,America/Los_Angeles
K1O4,America/Chicago
K1O5,America/Los_Angeles
K1O8,America/Chicago
K1Q2,America/Los_Angeles
K1Q4,America/Los_Angeles
K1R1,America/Chicago
K1R4,America/Chicago
K1R7,America/Chicago
K1R8,America/Chicago
K1S3,America/Denver
K1S5,America/Los_Angeles
K1S9,America/Los_Angeles
K1T7,America/Chicago
K1U2,America/Boise
K1U7,America/Boise
K1V0,America/Denver
K1V2,America/Denver
K1V6,America/Denver
K1V8,America/Denver
K1X1,America/Chicago
K20A,America/Chicago
K20M,America/Chicago
K20N,America/New_York
K20R,America/Chicago
K20U,America/Denver
K20V,America/Denver
K21D,America/Chicago
K21F,America/Chicago
K22F,America/Chicago
K22I,America/New_York
K22M,America/Chicago
K22N,America/New_York
K22S,America/Los_Angeles
K23M,America/Chicago
K23R,America/Chicago
K24A,America/New_York
K24F,America/Chicago
K24J,America/New_York
K24N,America/Denver
K24R,America/Chicago
K25D,America/Chicago
K25J,America/New_York
K25M,America/Chicago
K26A,America/Chicago
K26R,America/Chicago
K26U,America/Los_Angeles
K27A,America/New_York
K27K,America/New_York
K27R,America/Chicago
K28J,America/New_York
K29D,America/New_York
K29M,America/Detroit
K29S,America/Denver
K2A0,America/New_York
K2A1,America/Chicago
K2A2,America/Chicago
K2A5,America/New_York
K2A6,America/Chicago
K2B3,America/New_York
K2B7,America/New_York
K2C8,America/Chicago
K2CB,America/New_York
K2D5,America/Chicago
K2E3,America/Chicago
K2E5,America/Denver
K2E7,America/Chicago
K2F0,America/Chicago
K2F1,America/Chicago
K2F4,America/Chicago
K2F5,America/Chicago
K2F7,America/Chicago
K2G1,America/New_York
K2G2,America/New_York
K2G4,America/New_York
K2G9,America/New_York
K2GC,America/New_York
K2H0,America/Chicago
K2H2,America/Chicago
K2H9,America/Chicago
K2I0,America/Chicago
K2I3,America/Chicago
K2IS,America/New_York
K2J2,America/New_York
K2J3,America/New_York
K2J5,America/New_York
K2K3,America/Chicago
K2K4,America/Chicago
K2K7,America/Chicago
K2K9,America/Chicago
K2L0,America/Chicago
K2M0,America/Chicago
K2M2,America/Chicago
K2M4,America/Chicago
K2M8,America/Chicago
K2MO,America/Chicago
K2N4,America/New_York
K2O1,America/Los_Angeles
K2O3,America/Los_Angeles
K2O6,America/Los_Angeles
K2O7,America/Los_Angeles
K2O8,America/Chicago
K2R0,America/Chicago
K2R1,America/Chicago
K2R2,America/Indiana/Indianapolis
K2R4,America/Chicago
K2R5,America/Chicago
K2R6,America/Chicago
K2R7,America/Chicago
K2R9,America/Chicago
K2RR,America/New_York
K2S4,America/Los_Angeles
K2S7,America/Los_Angeles
K2S8,America/Los_Angeles
K2S9,America/Los_Angeles
K2T1,America/Chicago
K2V5,America/Denver
K2V6,America/Denver
K2W5,America/New_York
K2W6,America/New_York
K2Y4,America/Chicago
K30K,America/Chicago
K31E,America/New_York
K32A,America/Chicago
K32S,America/Denver
K33J,America/Chicago
K33K,America/Chicago
K33M,America/Chicago
K33N,America/New_York
K33R,America/Chicago
K33S,America/Los_Angeles
K33U,America/Denver
K33V,America/Denver
K34M,America/Chicago
K34R,America/Chicago
K35A,America/New_York
K35D,America/Detroit
K35S,America/Los_Angeles
K36K,America/Chicago
K36S,America/Los_Angeles
K37F,America/Chicago
K37K,America/Chicago
K37T,America/Chicago
K37V,America/Chicago
K38D,America/New_York
K38J,America/New_York
K38S,America/Denver
K38U,America/Denver
K39N,America/New_York
K3A2,America/New_York
K3A4,America/New_York
K3A7,America/Chicago
K3AK,America/Yakutat
K3AU,America/Chicago
K3B0,America/New_York
K3B1,America/New_York
K3B4,America/New_York
K3B5,America/New_York
K3BS,America/Detroit
K3C8,America/New_York
K3CK,America/Chicago
K3CM,America/Detroit
K3CU,America/Chicago
K3DW,America/Chicago
K3E0,America/Chicago
K3F2,America/Chicago
K3F3,America/Chicago
K3F4,America/Chicago
K3F6,America/Chicago
K3F7,America/Chicago
K3F9,America/Chicago
K3FU,America/Chicago
K3G1,America/New_York
K3G2,America/Chicago
K3G3,America/New_York
K3G4,America/New_York
K3G5,America/New_York
K3G6,America/New_York
K3GM,America/Detroit
K3GV,America/Chicago
K3H4,America/Chicago
K3HO,America/Chicago
K3I2,America/New_York
K3I3,America/Indiana/Indianapolis
K3I4,America/New_York
K3I7,America/New_York
K3J0,America/New_York
K3J1,America/New_York
K3J7,America/New_York
K3JC,America/Chicago
K3K3,America/Denver
K3K4,America/Chicago
K3K6,America/Chicago
K3K7,America/Chicago
K3K8,America/Chicago
K3L2,America/Los_Angeles
K3LF,America/Chicago
K3M7,America/Chicago
K3M8,America/Chicago
K3M9,America/Chicago
K3MY,America/Chicago
K3N6,America/New_York
K3O1,America/Los_Angeles
K3O3,America/Chicago
K3O4,America/Chicago
K3O9,America/Chicago
K3P3,America/Denver
K3R2,America/Chicago
K3R4,America/Chicago
K3R7,America/Chicago
K3R9,America/Chicago
K3RC,America/Detroit
K3S4,America/Los_Angeles
K3S8,America/Los_Angeles
K3S9,America/Los_Angeles
K3T3,America/Chicago
K3T5,America/Chicago
K3TR,America/Detroit
K3U3,America/Denver
K3U4,America/Denver
K3U7,America/Denver
K3U8,America/Denver
K3V0,America/Denver
K3W7,America/Los_Angeles
K3W8,America/Chicago
K3Y2,America/Chicago
K3Y3,America/Chicago
K40G,America/Phoenix
K40J,America/New_York
K40U,America/Denver
K41F,America/Chicago
K41N,America/New_York
K41U,America/Denver
K42A,America/Chicago
K42I,America/New_York
K42J,America/New_York
K42M,America/Chicago
K42U,America/Denver
K42V,America/Denver
K43A,America/New_York
K43B,America/New_York
K43D,America/Los_Angeles
K44C,America/Chicago
K44N,America/New_York
K44U,America/Denver
K45G,America/Detroit
K45K,America/Chicago
K45R,America/Chicago
K46D,America/Chicago
K46U,America/Denver
K47A,America/New_York
K47K,America/Chicago
K47N,America/New_York
K47V,America/Chicago
K48A,America/New_York
K48D,America/Detroit
K48I,America/New_York
K48K,America/Chicago
K48S,America/Denver
K49A,America/New_York
K49B,America/Denver
K49R,America/Chicago
K49X,America/Los_Angeles
K4A0,America/New_York
K4A4,America/New_York
K4A5,America/Chicago
K4A6,America/Chicago
K4A7,America/New_York
K4A9,America/Chicago
K4B6,America/New_York
K4B7,America/New_York
K4B8,America/New_York
K4C8,America/Chicago
K4D0,America/Detroit
K4E7,America/Chicago
K4F2,America/Chicago
K4F7,America/Chicago
K4F8,America/Chicago
K4F9,America/Chicago
K4G4,America/New_York
K4G5,America/New_York
K4G6,America/New_York
K4G8,America/New_York
K4I3,America/New_York
K4I7,America/Indiana/Indianapolis
K4I9,America/New_York
K4J1,America/New_York
K4J2,America/New_York
K4J5,America/New_York
K4J6,America/New_York
K4J8,America/New_York
K4K3,America/Chicago
K4K6,America/Chicago
K4M1,America/Chicago
K4M2,America/Chicago
K4M3,America/Chicago
K4M7,America/Chicago
K4M9,America/Chicago
K4N1,America/New_York
K4O4,America/Chicago
K4O5,America/Chicago
K4P3,America/Chicago
K4R1,America/Chicago
K4R3,America/Chicago
K4R4,America/Chicago
K4R5,America/Chicago
K4R7,America/Chicago
K4R9,America/Chicago
K4S1,America/Los_Angeles
K4S2,America/Los_Angeles
K4S3,America/Los_Angeles
K4S9,America/Los_Angeles
K4SD,America/Los_Angeles
K4T2,America/Chicago
K4U6,America/Denver
K4U9,America/Denver
K4V0,America/Denver
K4V1,America/Denver
K4V4,America/Chicago
K4V9,America/Chicago
K4X4,America/Chicago
K4Y4,America/Detroit
K50D,America/Menominee
K50F,America/Chicago
K50I,America/Chicago
K50R,America/Chicago
K51A,America/New_York
K51D,America/Chicago
K51J,America/New_York
K51R,America/Chicago
K52A,America/New_York
K52F,America/Chicago
K52J,America/New_York
K53A,America/New_York
K54F,America/Chicago
K54J,America/Chicago
K54T,America/Chicago
K55J,America/New_York
K55K,America/Chicago
K55M,America/Chicago
K55Y,America/Chicago
K56D,America/New_York
K56F,America/Chicago
K57C,America/Chicago
K57S,America/Denver
K58M,America/New_York
K5A1,America/New_York
K5A4,America/Chicago
K5A6,America/Chicago
K5A9,America/New_York
K5B2,America/New_York
K5B5,America/Chicago
K5C1,America/Chicago
K5C3,America/Chicago
K5C8,America/Chicago
K5F0,America/Chicago
K5F1,America/Chicago
K5F4,America/Chicago
K5G7,America/New_York
K5H4,America/Chicago
K5I4,America/Indiana/Indianapolis
K5J9,America/New_York
K5K1,America/Chicago
K5L0,America/Chicago
K5M0,America/Chicago
K5M3,America/New_York
K5M4,America/Chicago
K5M5,America/Chicago
K5M8,America/Chicago
K5M9,America/Chicago
K5N2,America/Chicago
K5N8,America/Chicago
K5P2,America/Denver
K5R1,America/Chicago
K5R2,America/Chicago
K5R4,America/Chicago
K5R8,America/Chicago
K5S0,America/Los_Angeles
K5S2,America/Los_Angeles
K5S6,America/Los_Angeles
K5S9,America/Los_Angeles
K5T6,America/Denver
K5T9,America/Chicago
K5U1,America/Denver
K5U5,America/Denver
K5U7,America/Denver
K5V5,America/Denver
K5W1,America/Los_Angeles
K5W4,America/New_York
K5W5,America/New_York
K5W8,America/New_York
K5Y1,America/Detroit
K60C,America/Chicago
K60D,America/Detroit
K60F,America/Chicago
K60J,America/New_York
K60R,America/Chicago
K61A,America/Chicago
K61B,America/Los_Angeles
K61C,America/Chicago
K61R,America/Chicago
K61S,America/Los_Angeles
K62D,America/New_York
K62S,America/Los_Angeles
K63B,America/New_York
K63C,America/Chicago
K63F,America/Chicago
K63M,America/Chicago
K64S,America/Los_Angeles
K65J,America/New_York
K65S,America/Los_Angeles
K66R,America/Chicago
K66V,America/Denver
K66Y,America/Chicago
K67A,America/Chicago
K67L,America/Los_Angeles
K67R,America/Chicago
K68F,America/Chicago
K68S,America/Los_Angeles
K69K,America/Chicago
K69V,America/Denver
K6A1,America/New_York
K6A2,America/New_York
K6A4,America/New_York
K6B9,America/New_York
K6D1,America/Chicago
K6D6,America/Detroit
K6D8,America/Chicago
K6D9,America/Detroit
K6E5,America/Chicago
K6G1,America/New_York
K6G4,America/New_York
K6G5,America/New_York
K6I2,America/New_York
K6I4,America/Indiana/Indianapolis
K6J0,America/New_York
K6J2,America/New_York
K6J4,America/New_York
K6J7,America/New_York
K6K3,America/Chicago
K6K4,America/Chicago
K6K5,America/Los_Angeles
K6L3,America/Chicago
K6L4,America/New_York
K6L5,America/Chicago
K6M0,America/Chicago
K6M2,America/Chicago
K6M6,America/Chicago
K6M7,America/Chicago
K6R3,America/Chicago
K6R6,America/Chicago
K6S0,America/Denver
K6S1,America/Denver
K6S2,America/Los_Angeles
K6S3,America/Denver
K6S5,America/Denver
K6S8,America/Denver
K6U7,America/Denver
K6V0,America/Denver
K6V4,America/Denver
K6V5,America/Denver
K6Y1,America/Detroit
K70A,America/Chicago
K70J,America/New_York
K71A,America/Chicago
K71J,America/Chicago
K71N,America/New_York
K72F,America/Chicago
K73C,America/Chicago
K74S,America/Los_Angeles
K74V,America/Denver
K75J,America/New_York
K76F,America/Chicago
K76G,America/Detroit
K77F,America/Chicago
K77G,America/Detroit
K77S,America/Los_Angeles
K78R,America/Chicago
K78Y,America/Chicago
K79D,America/New_York
K79J,America/Chicago
K79S,America/Denver
K7A0,America/Chicago
K7A3,America/New_York
K7A4,America/Chicago
K7A5,America/Chicago
K7A6,America/Chicago
K7A8,America/New_York
K7B2,America/New_York
K7B6,America/New_York
K7D3,America/Detroit
K7D9,America/New_York
K7F3,America/Chicago
K7F5,America/Chicago
K7F7,America/Chicago
K7G0,America/New_York
K7G8,America/New_York
K7G9,America/Chicago
K7I4,America/Indiana/Indianapolis
K7K4,America/Chicago
K7K5,America/Chicago
K7K8,America/Chicago
K7L2,America/Chicago
K7L8,America/Indiana/Indianapolis
K7M1,America/Chicago
K7M2,America/Chicago
K7M3,America/Chicago
K7M4,America/Chicago
K7M5,America/Chicago
K7M8,America/Chicago
K7M9,America/Chicago
K7N1,America/New_York
K7S0,America/Denver
K7S1,America/Denver
K7S5,America/Los_Angeles
K7S6,America/Denver
K7S7,America/Denver
K7S9,America/Los_Angeles
K7T7,America/Chicago
K7V2,America/Denver
K7V3,America/Chicago
K7V5,America/Denver
K7V6,America/Denver
K7V7,America/Chicago
K7V8,America/Denver
K7V9,America/Denver
K7W5,America/New_York
K7W6,America/New_York
K7Y4,America/Chicago
K80D,America/Detroit
K80F,America/Chicago
K80T,America/Los_Angeles
K81B,America/New_York
K81R,America/Chicago
K82A,America/New_York
K82C,America/Chicago
K82J,America/Chicago
K82V,America/Denver
K83D,America/Detroit
K84D,America/Denver
K84R,America/Chicago
K86F,America/Chicago
K87I,America/Chicago
K87K,America/Chicago
K87Y,America/Chicago
K88M,America/Denver
K88R,America/Chicago
K8A0,America/Chicago
K8A1,America/Chicago
K8A3,America/Chicago
K8B0,America/New_York
K8B1,America/New_York
K8B5,America/New_York
K8C4,America/Chicago
K8D1,America/Chicago
K8D3,America/Chicago
K8D7,America/Chicago
K8F3,America/Chicago
K8F5,America/Chicago
K8F6,America/Chicago
K8G1,America/New_York
K8G2,America/New_York
K8G6,America/New_York
K8J7,America/Chicago
K8K2,America/Chicago
K8M1,America/Chicago
K8M8,America/Detroit
K8M9,America/Chicago
K8N2,America/Chicago
K8N8,America/New_York
K8S0,America/Denver
K8S1,America/Denver
K8T6,America/Chicago
K8T8,America/Chicago
K8U2,America/Denver
K8U6,America/Denver
K8U8,America/Denver
K8V1,America/Denver
K8V2,America/Chicago
K8V3,America/Chicago
K8V7,America/Denver
K8W2,America/New_York
K8WC,America/Chicago
K8Y6,America/Chicago
K90F,America/Chicago
K91F,America/Chicago
K92F,America/Chicago
K93C,America/Chicago
K93F,America/Chicago
K93M,America/Chicago
K93Y,America/Chicago
K94E,America/Denver
K94K,America/Chicago
K94R,America/Chicago
K95D,America/North_Dakota/Beulah
K95E,America/Denver
K95F,America/Chicago
K96D,America/Chicago
K97M,America/Denver
K98D,America/Chicago
K99N,America/New_York
K99V,America/Denver
K9A0,America/New_York
K9A1,America/New_York
K9A4,America/Chicago
K9A5,America/New_York
K9C8,America/Detroit
K9D0,America/Chicago
K9D1,America/Chicago
K9D2,America/Denver
K9D4,America/New_York
K9D7,America/Chicago
K9D9,America/Detroit
K9F0,America/Chicago
K9F8,America/Chicago
K9F9,America/Chicago
K9G2,America/Detroit
K9G3,America/New_York
K9G8,America/New_York
K9K7,America/Chicago
K9K8,America/Chicago
K9L2,America/Los_Angeles
K9M4,America/Chicago
K9M6,America/Chicago
K9M8,America/Chicago
K9S2,America/Denver
K9S4,America/Denver
K9S5,America/Denver
K9S9,America/Los_Angeles
K9U0,America/Denver
K9U3,America/Los_Angeles
K9U4,America/Denver
K9U7,America/Los_Angeles
K9V5,America/Denver
K9V6,America/Denver
K9V7,America/Denver
K9V9,America/Chicago
K9W7,America/Chicago
K9Y1,America/Denver
KA08,America/Chicago
KA09,America/Phoenix
KA20,America/Phoenix
KA24,America/Los_Angeles
KA30,America/Los_Angeles
KA32,America/Los_Angeles
KA34,America/Los_Angeles
KA39,America/Phoenix
KA50,America/Denver
KAAA,America/Chicago
KAAF,America/New_York
KAAO,America/Chicago
KAAS,America/New_York
KAAT,America/Los_Angeles
KABE,America/New_York
KABI,America/Chicago
KABQ,America/Denver
KABR,America/Chicago
KABY,America/New_York
KACB,America/Detroit
KACJ,America/New_York
KACK,America/New_York
KACP,America/Chicago
KACQ,America/Chicago
KACT,America/Chicago
KACV,America/Los_Angeles
KACY,America/New_York
KACZ,America/New_York
KADC,America/Chicago
KADG,America/Detroit
KADH,America/Chicago
KADM,America/Chicago
KADS,America/Chicago
KADT,America/Chicago
KADU,America/Chicago
KADW,America/New_York
KAEG,America/Denver
KAEJ,America/Denver
KAEL,America/Chicago
KAEX,America/Chicago
KAFF,America/Denver
KAFJ,America/New_York
KAFK,America/Chicago
KAFN,America/New_York
KAFO,America/Denver
KAFP,America/New_York
KAFW,America/Chicago
KAGC,America/New_York
KAGO,America/Chicago
KAGR,America/New_York
KAGS,America/New_York
KAGZ,America/Chicago
KAHC,America/Los_Angeles
KAHH,America/Chicago
KAHN,America/New_York
KAHQ,America/Chicago
KAIA,America/Denver
KAIB,America/Denver
KAID,America/Indiana/Indianapolis
KAIG,America/Chicago
KAIK,America/New_York
KAIO,America/Chicago
KAIT,America/Chicago
KAIV,America/Chicago
KAIZ,America/Chicago
KAJG,America/Chicago
KAJO,America/Los_Angeles
KAJR,America/New_York
KAJZ,America/Denver
KAKH,America/New_York
KAKO,America/Denver
KAKQ,America/New_York
KAKR,America/New_York
KALB,America/New_York
KALI,America/Chicago
KALM,America/Denver
KALN,America/Chicago
KALO,America/Chicago
KALS,America/Denver
KALW,America/Los_Angeles
KALX,America/Chicago
KAMA,America/Chicago
KAMG,America/New_York
KAMN,America/Detroit
KAMT,America/New_York
KAMW,America/Chicago
KANB,America/Chicago
KAND,America/New_York
KANE,America/Chicago
KANJ,America/Detroit
KANK,America/Denver
KANP,America/New_York
KANQ,America/Indiana/Indianapolis
KANW,America/Chicago
KANY,America/Chicago
KAOC,America/Boise
KAOH,America/New_York
KAOO,America/New_York
KAOV,America/Chicago
KAPA,America/Denver
KAPC,America/Los_Angeles
KAPF,America/New_York
KAPG,America/New_York
KAPH,America/New_York
KAPN,America/Detroit
KAPT,America/Chicago
KAPV,America/Los_Angeles
KAPY,America/Chicago
KAQO,America/Chicago
KAQP,America/Chicago
KAQR,America/Chicago
KAQW,America/New_York
KAQX,America/New_York
KARA,America/Chicago
KARB,America/Detroit
KARG,America/Chicago
KARM,America/Chicago
KARR,America/Chicago
KART,America/New_York
KARV,America/Chicago
KARW,America/New_York
KASD,America/Chicago
KASE,America/Denver
KASG,America/Chicago
KASH,America/New_York
KASJ,America/New_York
KASL,America/Chicago
KASN,America/Chicago
KAST,America/Los_Angeles
KASW,America/Indiana/Indianapolis
KASX,America/Chicago
KASY,America/Chicago
KATA,America/Chicago
KATL,America/New_York
KATS,America/Denver
KATW,America/Chicago
KATY,America/Chicago
KAUG,America/New_York
KAUH,America/Chicago
KAUM,America/Chicago
KAUN,America/Los_Angeles
KAUO,America/Chicago
KAUS,America/Chicago
KAUW,America/Chicago
KAVC,America/New_York
KAVK,America/Chicago
KAVL,America/New_York
KAVO,America/New_York
KAVP,America/New_York
KAVQ,America/Phoenix
KAVX,America/Los_Angeles
KAWG,America/Chicago
KAWM,America/Chicago
KAWO,America/Los_Angeles
KAXA,America/Chicago
KAXH,America/Chicago
KAXN,America/Chicago
KAXQ,America/New_York
KAXS,America/Chicago
KAXV,America/New_York
KAXX,America/Denver
KAYS,America/New_York
KAYX,America/Chicago
KAZC,America/Phoenix
KAZE,America/New_York
KAZO,America/Detroit
KB16,America/New_York
KB19,America/New_York
KB21,America/New_York
KBAB,America/Los_Angeles
KBAD,America/Chicago
KBAF,America/New_York
KBAK,America/Indiana/Indianapolis
KBAM,America/Los_Angeles
KBAX,America/Detroit
KBAZ,America/Chicago
KBBB,America/Chicago
KBBD,America/Chicago
KBBG,America/Chicago
KBBP,America/New_York
KBBW,America/Chicago
KBCB,America/New_York
KBCE,America/Denver
KBCK,America/Chicago
KBCT,America/New_York
KBDE,America/Chicago
KBDG,America/Denver
KBDH,America/Chicago
KBDJ,America/Chicago
KBDL,America/New_York
KBDN,America/Los_Angeles
KBDQ,America/Chicago
KBDR,America/New_York
KBDU,America/Denver
KBEA,America/Chicago
KBEC,America/Chicago
KBED,America/New_York
KBEH,America/Detroit
KBFA,America/Detroit
KBFD,America/New_York
KBFE,America/Chicago
KBFF,America/Denver
KBFI,America/Los_Angeles
KBFK,America/Chicago
KBFL,America/Los_Angeles
KBFM,America/Chicago
KBFR,America/Indiana/Indianapolis
KBGD,America/Chicago
KBGE,America/New_York
KBGF,America/Chicago
KBGM,America/New_York
KBGR,America/New_York
KBHB,America/New_York
KBHC,America/New_York
KBHK,America/Denver
KBHM,America/Chicago
KBID,America/New_York
KBIE,America/Chicago
KBIF,America/Denver
KBIH,America/Los_Angeles
KBIJ,America/New_York
KBIL,America/Denver
KBIS,America/Chicago
KBIV,America/Detroit
KBIX,America/Chicago
KBJC,America/Denver
KBJI,America/Chicago
KBJJ,America/New_York
KBKD,America/Chicago
KBKE,America/Los_Angeles
KBKF,America/Denver
KBKL,America/New_York
KBKN,America/Chicago
KBKS,America/Chicago
KBKT,America/New_York
KBKV,America/New_York
KBKW,America/New_York
KBKX,America/Chicago
KBLF,America/New_York
KBLH,America/Los_Angeles
KBLI,America/Los_Angeles
KBLM,America/New_York
KBLU,America/Los_Angeles
KBLV,America/Chicago
KBMC,America/Denver
KBMG,America/Indiana/Indianapolis
KBMI,America/Chicago
KBML,America/New_York
KBMQ,America/Chicago
KBMT,America/Chicago
KBNA,America/Chicago
KBNG,America/Los_Angeles
KBNL,America/New_York
KBNO,America/Los_Angeles
KBNW,America/Chicago
KBOI,America/Boise
KBOK,America/Los_Angeles
KBOS,America/New_York
KBOW,America/New_York
KBPG,America/Chicago
KBPI,America/Denver
KBPK,America/Chicago
KBPT,America/Chicago
KBQK,America/New_York
KBQP,America/Chicago
KBQR,America/New_York
KBRD,America/Chicago
KBRL,America/Chicago
KBRO,America/Chicago
KBRY,America/New_York
KBST,America/New_York
KBTA,America/Chicago
KBTF,America/Denver
KBTL,America/Detroit
KBTM,America/Denver
KBTN,America/Chicago
KBTP,America/New_York
KBTR,America/Chicago
KBTV,America/New_York
KBTY,America/Los_Angeles
KBUB,America/Chicago
KBUF,America/New_York
KBUM,America/Chicago
KBUR,America/Los_Angeles
KBUU,America/Chicago
KBUY,America/New_York
KBVI,America/New_York
KBVN,America/Chicago
KBVO,America/Chicago
KBVS,America/Los_Angeles
KBVX,America/Chicago
KBVY,America/New_York
KBWC,America/Los_Angeles
KBWD,America/Chicago
KBWG,America/Chicago
KBWI,America/New_York
KBWP,America/Chicago
KBWW,America/Denver
KBXA,America/Chicago
KBXG,America/New_York
KBXK,America/Phoenix
KBXM,America/New_York
KBYG,America/Denver
KBYH,America/Chicago
KBYI,America/Boise
KBYS,America/Los_Angeles
KBYY,America/Chicago
KBZN,America/Denver
KC02,America/Chicago
KC03,America/Indiana/Indianapolis
KC04,America/Detroit
KC08,America/Denver
KC09,America/Chicago
KC15,America/Chicago
KC16,America/Chicago
KC17,America/Chicago
KC20,America/Detroit
KC24,America/Denver
KC27,America/Chicago
KC29,America/Chicago
KC35,America/Chicago
KC47,America/Chicago
KC57,America/Detroit
KC62,America/Indiana/Indianapolis
KC65,America/Indiana/Indianapolis
KC71,America/Chicago
KC73,America/Chicago
KC74,America/Chicago
KC75,America/Chicago
KC77,America/Chicago
KC80,America/Los_Angeles
KC81,America/Chicago
KC83,America/Los_Angeles
KC88,America/Detroit
KC91,America/Detroit
KCA2,America/Vancouver
KCAD,America/Detroit
KCAE,America/New_York
KCAG,America/Denver
KCAK,America/New_York
KCAO,America/Denver
KCAR,America/New_York
KCAV,America/Chicago
KCBE,America/New_York
KCBF,America/Chicago
KCBG,America/Chicago
KCBK,America/Chicago
KCBM,America/Chicago
KCCA,America/Chicago
KCCB,America/Los_Angeles
KCCO,America/New_York
KCCR,America/Los_Angeles
KCCY,America/Chicago
KCDA,America/New_York
KCDC,America/Denver
KCDH,America/Chicago
KCDI,America/New_York
KCDK,America/New_York
KCDN,America/New_York
KCDR,America/Denver
KCDS,America/Chicago
KCDW,America/New_York
KCEA,America/Chicago
KCEC,America/Los_Angeles
KCEF,America/New_York
KCEK,America/Chicago
KCEU,America/New_York
KCEV,America/Indiana/Indianapolis
KCEW,America/Chicago
KCEY,America/Chicago
KCEZ,America/Denver
KCFD,America/Chicago
KCFE,America/Chicago
KCFJ,America/Indiana/Indianapolis
KCFS,America/Detroit
KCFT,America/Phoenix
KCFV,America/Chicago
KCGC,America/New_York
KCGE,America/New_York
KCGF,America/New_York
KCGI,America/Chicago
KCGS,America/New_York
KCGZ,America/Phoenix
KCHA,America/New_York
KCHD,America/Phoenix
KCHK,America/Chicago
KCHN,America/New_York
KCHO,America/New_York
KCHQ,America/Chicago
KCHS,America/New_York
KCHT,America/Chicago
KCHU,America/Chicago
KCIC,America/Los_Angeles
KCID,America/Chicago
KCII,America/Denver
KCIN,America/Chicago
KCIR,America/Chicago
KCIU,America/Detroit
KCJR,America/New_York
KCKA,America/Chicago
KCKB,America/New_York
KCKC,America/Chicago
KCKF,America/New_York
KCKI,America/New_York
KCKM,America/Chicago
KCKN,America/Chicago
KCKP,America/Chicago
KCKV,America/Chicago
KCKZ,America/New_York
KCLE,America/New_York
KCLI,America/Chicago
KCLK,America/Chicago
KCLL,America/Chicago
KCLM,America/Los_Angeles
KCLR,America/Los_Angeles
KCLS,America/Los_Angeles
KCLT,America/New_York
KCLW,America/New_York
KCMA,America/Los_Angeles
KCMD,America/Chicago
KCMH,America/New_York
KCMI,America/Chicago
KCMR,America/Phoenix
KCMX,America/Detroit
KCMY,America/Chicago
KCNB,America/Chicago
KCNC,America/Chicago
KCNH,America/New_York
KCNK,America/Chicago
KCNM,America/Denver
KCNO,America/Los_Angeles
KCNP,America/Denver
KCNU,America/Chicago
KCNW,America/Chicago
KCNY,America/Denver
KCOD,America/Denver
KCOE,America/Los_Angeles
KCOF,America/New_York
KCOI,America/New_York
KCOM,America/Chicago
KCON,America/New_York
KCOQ,America/Chicago
KCOS,America/Denver
KCOT,America/Chicago
KCOU,America/Chicago
KCPC,America/New_York
KCPK,America/New_York
KCPM,America/Los_Angeles
KCPR,America/Denver
KCPS,America/Chicago
KCPT,America/Chicago
KCPU,America/Los_Angeles
KCQA,America/New_York
KCQB,America/Chicago
KCQM,America/Chicago
KCQW,America/New_York
KCQX,America/New_York
KCRE,America/New_York
KCRG,America/New_York
KCRP,America/Chicago
KCRQ,America/Los_Angeles
KCRS,America/Chicago
KCRT,America/Chicago
KCRW,America/New_York
KCRX,America/Chicago
KCRZ,America/Chicago
KCSB,America/Chicago
KCSG,America/New_York
KCSM,America/Chicago
KCSQ,America/Chicago
KCSV,America/Chicago
KCTB,America/Denver
KCTJ,America/New_York
KCTK,America/Chicago
KCTY,America/New_York
KCTZ,America/New_York
KCUB,America/New_York
KCUH,America/Chicago
KCUL,America/Chicago
KCUT,America/Denver
KCVB,America/Chicago
KCVG,America/New_York
KCVH,America/Los_Angeles
KCVK,America/Chicago
KCVN,America/Denver
KCVO,America/Los_Angeles
KCVS,America/Denver
KCVX,America/Detroit
KCWA,America/Chicago
KCWC,America/Chicago
KCWF,America/Chicago
KCWI,America/Chicago
KCWV,America/New_York
KCXE,America/New_York
KCXL,America/Los_Angeles
KCXO,America/Chicago
KCXP,America/Los_Angeles
KCXU,America/New_York
KCXW,America/Chicago
KCXY,America/New_York
KCYO,America/New_York
KCYS,America/Denver
KCYW,America/Chicago
KCZD,America/Chicago
KCZG,America/New_York
KCZK,America/Los_Angeles
KCZL,America/New_York
KCZT,America/Chicago
KD00,America/Chicago
KD02,America/Chicago
KD05,America/Chicago
KD07,America/Denver
KD09,America/Chicago
KD11,America/Detroit
KD14,America/Chicago
KD17,America/Denver
KD23,America/New_York
KD25,America/Chicago
KD31,America/Chicago
KD37,America/Chicago
KD39,America/Chicago
KD42,America/Chicago
KD50,America/Chicago
KD54,America/Chicago
KD55,America/Chicago
KD56,America/Chicago
KD57,America/North_Dakota/New_Salem
KD60,America/Chicago
KD64,America/Chicago
KD68,America/Phoenix
KD73,America/New_York
KD74,America/New_York
KD83,America/Los_Angeles
KD86,America/Los_Angeles
KD95,America/Detroit
KD98,America/Detroit
KDAA,America/New_York
KDAB,America/New_York
KDAF,America/Chicago
KDAG,America/Los_Angeles
KDAL,America/Chicago
KDAN,America/New_York
KDAW,America/New_York
KDAY,America/New_York
KDBN,America/New_York
KDBQ,America/Chicago
KDCA,America/New_York
KDCM,America/New_York
KDCU,America/Chicago
KDCY,America/Indiana/Vincennes
KDDC,America/Chicago
KDDH,America/New_York
KDEC,America/Chicago
KDED,America/New_York
KDEH,America/Chicago
KDEN,America/Denver
KDEQ,America/Chicago
KDET,America/Detroit
KDEW,America/Los_Angeles
KDFI,America/New_York
KDFW,America/Chicago
KDGL,America/Phoenix
KDGW,America/Denver
KDHN,America/Chicago
KDHT,America/Chicago
KDIJ,America/Boise
KDIK,America/Denver
KDKB,America/Chicago
KDKK,America/New_York
KDKR,America/Chicago
KDKX,America/New_York
KDLC,America/New_York
KDLF,America/Chicago
KDLH,America/Chicago
KDLL,America/Chicago
KDLN,America/Denver
KDLO,America/Los_Angeles
KDLS,America/Los_Angeles
KDLZ,America/New_York
KDMA,America/Phoenix
KDMN,America/Denver
KDMO,America/Chicago
KDMW,America/New_York
KDNL,America/New_York
KDNN,America/New_York
KDNS,America/Chicago
KDNV,America/Chicago
KDOV,America/New_York
KDPA,America/Chicago
KDPG,America/Denver
KDPL,America/New_York
KDQH,America/New_York
KDRA,America/Los_Angeles
KDRI,America/Chicago
KDRM,America/Detroit
KDRO,America/Denver
KDRP,America/Chicago
KDRT,America/Chicago
KDSM,America/Chicago
KDSV,America/New_York
KDTA,America/Denver
KDTL,America/Chicago
KDTN,America/Chicago
KDTO,America/Chicago
KDTS,America/Chicago
KDTW,America/Detroit
KDUA,America/Chicago
KDUC,America/Chicago
KDUG,America/Phoenix
KDUH,America/Detroit
KDUJ,America/New_York
KDUX,America/Chicago
KDVK,America/New_York
KDVL,America/Chicago
KDVN,America/Chicago
KDVO,America/Los_Angeles
KDVP,America/Chicago
KDVT,America/Phoenix
KDWA,America/Los_Angeles
KDWH,America/Chicago
KDWU,America/New_York
KDXE,America/Chicago
KDXR,America/New_York
KDXX,America/Chicago
KDYA,America/Chicago
KDYB,America/New_York
KDYL,America/New_York
KDYR,America/Chicago
KDYS,America/Chicago
KDYT,America/Chicago
KDZB,America/Chicago
KDZJ,America/New_York
KE01,America/Chicago
KE05,America/Denver
KE06,America/Denver
KE11,America/Chicago
KE13,America/Chicago
KE14,America/Denver
KE16,America/Los_Angeles
KE19,America/Chicago
KE24,America/Phoenix
KE25,America/Phoenix
KE26,America/Denver
KE30,America/Chicago
KE34,America/Chicago
KE35,America/Denver
KE38,America/Chicago
KE41,America/Chicago
KE42,America/Chicago
KE45,America/Los_Angeles
KE48,America/Chicago
KE51,America/Phoenix
KE52,America/Chicago
KE57,America/Chicago
KE60,America/Phoenix
KE63,America/Phoenix
KE67,America/Phoenix
KE77,America/Phoenix
KE78,America/Phoenix
KE80,America/Denver
KE89,America/Denver
KE91,America/Denver
KE95,America/Phoenix
KE98,America/Denver
KEAG,America/Chicago
KEAN,America/Denver
KEAR,America/Chicago
KEAT,America/Los_Angeles
KEAU,America/Chicago
KEBD,America/New_York
KEBG,America/Chicago
KEBS,America/Chicago
KECG,America/New_York
KECP,America/Chicago
KECS,America/Denver
KECU,America/Chicago
KEDC,America/Chicago
KEDE,America/New_York
KEDG,America/New_York
KEDJ,America/New_York
KEDN,America/Chicago
KEDU,America/Los_Angeles
KEDW,America/Los_Angeles
KEE0,America/Phoenix
KEED,America/Los_Angeles
KEEN,America/New_York
KEEO,America/Denver
KEET,America/Chicago
KEFC,America/Denver
KEFD,America/Chicago
KEFK,America/New_York
KEFT,America/Chicago
KEFW,America/Chicago
KEGE,America/Denver
KEGI,America/Chicago
KEGQ,America/Chicago
KEGT,America/Chicago
KEGV,America/Chicago
KEHA,America/Chicago
KEHO,America/New_York
KEHR,America/Chicago
KEIK,America/Denver
KEIW,America/Chicago
KEKA,America/Los_Angeles
KEKM,America/Indiana/Indianapolis
KEKN,America/New_York
KEKO,America/Los_Angeles
KEKQ,America/Kentucky/Monticello
KEKS,America/Denver
KEKX,America/New_York
KEKY,America/Chicago
KELA,America/Chicago
KELD,America/Chicago
KELK,America/Chicago
KELM,America/New_York
KELN,America/Los_Angeles
KELO,America/Chicago
KELP,America/Denver
KELY,America/Los_Angeles
KELZ,America/New_York
KEMM,America/Denver
KEMP,America/Chicago
KEMT,America/Los_Angeles
KEMV,America/New_York
KEND,America/Chicago
KENL,America/Chicago
KENV,America/Denver
KENW,America/Chicago
KEOE,America/New_York
KEOK,America/Chicago
KEOP,America/New_York
KEOS,America/Chicago
KEPH,America/Los_Angeles
KEPM,America/New_York
KEQA,America/Chicago
KEQY,America/New_York
KERI,America/New_York
KERR,America/New_York
KERV,America/Chicago
KERY,America/Detroit
KESC,America/Detroit
KESF,America/Chicago
KESN,America/New_York
KEST,America/Chicago
KESW,America/Los_Angeles
KETB,America/Chicago
KETC,America/New_York
KETH,America/Chicago
KETN,America/Chicago
KEUF,America/Chicago
KEUG,America/Los_Angeles
KEUL,America/Boise
KEVB,America/New_York
KEVM,America/Chicago
KEVU,America/Chicago
KEVV,America/Chicago
KEVW,America/Denver
KEVY,America/New_York
KEWB,America/New_York
KEWK,America/Chicago
KEWN,America/New_York
KEWR,America/New_York
KEXX,America/New_York
KEYE,America/Indiana/Indianapolis
KEYF,America/New_York
KEYW,America/New_York
KEZF,America/New_York
KEZI,America/Chicago
KEZM,America/New_York
KEZS,America/Chicago
KEZZ,America/Chicago
KF00,America/Chicago
KF01,America/Chicago
KF05,America/Chicago
KF06,America/Chicago
KF08,America/Chicago
KF10,America/Chicago
KF14,America/Chicago
KF17,America/Chicago
KF21,America/Chicago
KF22,America/Chicago
KF24,America/Chicago
KF29,America/Chicago
KF30,America/Chicago
KF31,America/Chicago
KF32,America/Chicago
KF34,America/Los_Angeles
KF35,America/Chicago
KF36,America/Chicago
KF37,America/Denver
KF41,America/Chicago
KF43,America/Chicago
KF44,America/Chicago
KF45,America/New_York
KF46,America/Chicago
KF47,America/New_York
KF49,America/Chicago
KF51,America/Chicago
KF53,America/Chicago
KF56,America/Chicago
KF62,America/Los_Angeles
KF68,America/Chicago
KF69,America/Chicago
KF70,America/Los_Angeles
KF72,America/Los_Angeles
KF75,America/Chicago
KF82,America/Chicago
KF84,America/Chicago
KF85,America/Chicago
KF86,America/Chicago
KF87,America/Chicago
KF88,America/Chicago
KF89,America/Chicago
KF97,America/Chicago
KF98,America/Chicago
KF99,America/Chicago
KFAF,America/New_York
KFAM,America/Chicago
KFAR,America/Chicago
KFAT,America/Los_Angeles
KFAY,America/New_York
KFBG,America/New_York
KFBL,America/Chicago
KFBR,America/Denver
KFBY,America/Chicago
KFCH,America/Los_Angeles
KFCI,America/New_York
KFCM,America/Chicago
KFCS,America/Denver
KFCY,America/Chicago
KFDK,America/New_York
KFDR,America/Chicago
KFDW,America/New_York
KFDY,America/New_York
KFEP,America/Chicago
KFET,America/Chicago
KFFA,America/New_York
KFFC,America/New_York
KFFL,America/Chicago
KFFM,America/Chicago
KFFO,America/New_York
KFFT,America/New_York
KFFX,America/Detroit
KFFZ,America/Phoenix
KFGU,America/New_York
KFGX,America/New_York
KFHR,America/Los_Angeles
KFHU,America/Phoenix
KFIG,America/New_York
KFIT,America/New_York
KFKA,America/Chicago
KFKL,America/New_York
KFKN,America/New_York
KFKR,America/Indiana/Indianapolis
KFKS,America/Detroit
KFLD,America/Chicago
KFLG,America/Phoenix
KFLL,America/New_York
KFLO,America/New_York
KFLP,America/Chicago
KFLR,America/New_York
KFLV,America/Chicago
KFLX,America/Los_Angeles
KFME,America/New_York
KFMH,America/New_York
KFMM,America/Denver
KFMN,America/Denver
KFMY,America/New_York
KFMZ,America/Chicago
KFNB,America/Chicago
KFNL,America/Denver
KFNT,America/Detroit
KFOA,America/Chicago
KFOD,America/Chicago
KFOE,America/Chicago
KFOK,America/New_York
KFOM,America/Denver
KFOT,America/Los_Angeles
KFOZ,America/Chicago
KFPK,America/Detroit
KFPR,America/New_York
KFQD,America/New_York
KFRG,America/New_York
KFRH,America/Indiana/Indianapolis
KFRI,America/Chicago
KFRM,America/Chicago
KFRR,America/New_York
KFSD,America/Chicago
KFSE,America/Chicago
KFSI,America/Chicago
KFSK,America/Chicago
KFSM,America/Chicago
KFSO,America/New_York
KFST,America/Chicago
KFSU,America/Denver
KFSW,America/Chicago
KFTG,America/Denver
KFTK,America/New_York
KFTT,America/Chicago
KFTW,America/Chicago
KFTY,America/New_York
KFUL,America/Los_Angeles
KFVE,America/New_York
KFVX,America/New_York
KFWA,America/Indiana/Indianapolis
KFWC,America/Chicago
KFWN,America/New_York
KFWQ,America/New_York
KFWS,America/Chicago
KFXE,America/New_York
KFXY,America/Chicago
KFYE,America/Chicago
KFYJ,America/New_York
KFYM,America/Chicago
KFYV,America/Chicago
KFZG,America/New_York
KFZI,America/New_York
KFZY,America/New_York
KGAB,America/Los_Angeles
KGAD,America/Chicago
KGAF,America/Chicago
KGAG,America/Chicago
KGAI,America/New_York
KGAO,America/Chicago
KGAS,America/New_York
KGAX,America/Phoenix
KGBD,America/Chicago
KGBG,America/Chicago
KGBN,America/Phoenix
KGBR,America/New_York
KGCC,America/Denver
KGCD,America/Los_Angeles
KGCK,America/Chicago
KGCM,America/Chicago
KGCN,America/Phoenix
KGCT,America/Chicago
KGCY,America/New_York
KGDB,America/Chicago
KGDJ,America/Chicago
KGDM,America/New_York
KGDV,America/Denver
KGDW,America/Detroit
KGED,America/New_York
KGEG,America/Los_Angeles
KGEO,America/New_York
KGEU,America/Phoenix
KGEV,America/New_York
KGEY,America/Denver
KGEZ,America/Indiana/Indianapolis
KGFD,America/Indiana/Indianapolis
KGFK,America/Chicago
KGFL,America/New_York
KGFZ,America/Chicago
KGGE,America/New_York
KGGF,America/Denver
KGGG,America/Chicago
KGGI,America/Chicago
KGGP,America/Indiana/Indianapolis
KGGW,America/Denver
KGHG,America/New_York
KGHM,America/Chicago
KGHW,America/Chicago
KGIC,America/Los_Angeles
KGIF,America/New_York
KGJT,America/Denver
KGKJ,America/New_York
KGKT,America/New_York
KGKY,America/Chicago
KGLD,America/Denver
KGLE,America/Chicago
KGLH,America/Chicago
KGLR,America/Detroit
KGLS,America/Chicago
KGLW,America/Chicago
KGLY,America/Chicago
KGMJ,America/Chicago
KGMU,America/New_York
KGNB,America/Denver
KGNC,America/Chicago
KGNF,America/Chicago
KGNG,America/Boise
KGNT,America/Denver
KGNV,America/New_York
KGOK,America/Chicago
KGON,America/New_York
KGOO,America/Los_Angeles
KGOP,America/Chicago
KGOV,America/Detroit
KGPH,America/Chicago
KGPI,America/Denver
KGPM,America/Chicago
KGPT,America/Chicago
KGPZ,America/Chicago
KGQQ,America/New_York
KGRB,America/Chicago
KGRD,America/New_York
KGRE,America/Chicago
KGRF,America/Los_Angeles
KGRI,America/Chicago
KGRK,America/Chicago
KGRN,America/Denver
KGRR,America/Detroit
KGSB,America/New_York
KGSH,America/Indiana/Indianapolis
KGSO,America/New_York
KGSP,America/New_York
KGTB,America/New_York
KGTE,America/Chicago
KGTF,America/Denver
KGTG,America/Chicago
KGTR,America/Chicago
KGTU,America/Chicago
KGUC,America/Denver
KGUP,America/Denver
KGUS,America/Indiana/Indianapolis
KGUY,America/Chicago
KGVE,America/New_York
KGVL,America/New_York
KGVQ,America/New_York
KGVT,America/Chicago
KGWB,America/Indiana/Indianapolis
KGWO,America/Chicago
KGWR,America/Chicago
KGWS,America/Denver
KGWW,America/New_York
KGXY,America/Denver
KGYB,America/Chicago
KGYH,America/New_York
KGYI,America/Chicago
KGYL,America/Chicago
KGYR,America/Phoenix
KGYY,America/Chicago
KGZH,America/Chicago
KGZN,America/Chicago
KGZS,America/Chicago
KH04,America/Chicago
KH05,America/Chicago
KH17,America/Chicago
KH19,America/Chicago
KH21,America/Chicago
KH34,America/Chicago
KH35,America/Chicago
KH37,America/Los_Angeles
KH58,America/Chicago
KH68,America/Chicago
KH70,America/Chicago
KH71,America/Chicago
KH76,America/Chicago
KH79,America/Chicago
KH88,America/Chicago
KH92,America/Chicago
KH96,America/Chicago
KHAB,America/Chicago
KHAE,America/Chicago
KHAF,America/Los_Angeles
KHAI,America/Detroit
KHAO,America/New_York
KHBC,America/Chicago
KHBG,America/Chicago
KHBI,America/New_York
KHBR,America/Chicago
KHBV,America/Chicago
KHBZ,America/Chicago
KHCD,America/Chicago
KHCO,America/Chicago
KHCR,America/Denver
KHDC,America/Chicago
KHDE,America/Chicago
KHDN,America/Denver
KHDO,America/Chicago
KHEE,America/Chicago
KHEF,America/New_York
KHEG,America/New_York
KHEI,America/Denver
KHEQ,America/Denver
KHEZ,America/Chicago
KHFD,America/New_York
KHFF,America/New_York
KHFJ,America/Chicago
KHFY,America/Indiana/Indianapolis
KHGR,America/New_York
KHHF,America/Chicago
KHHG,America/Indiana/Indianapolis
KHHR,America/Los_Angeles
KHHW,America/Chicago
KHIB,America/Chicago
KHIE,America/New_York
KHIF,America/Denver
KHIG,America/Chicago
KHII,America/Phoenix
KHIO,America/Los_Angeles
KHJH,America/Chicago
KHJO,America/Los_Angeles
KHKA,America/Chicago
KHKS,America/Chicago
KHKY,America/New_York
KHLB,America/Indiana/Indianapolis
KHLC,America/Chicago
KHLG,America/New_York
KHLN,America/Denver
KHLX,America/New_York
KHMN,America/Denver
KHMT,America/Los_Angeles
KHMZ,America/New_York
KHNB,America/Indiana/Vincennes
KHND,America/Los_Angeles
KHNR,America/Chicago
KHNZ,America/New_York
KHOB,America/Denver
KHOC,America/New_York
KHOE,America/New_York
KHON,America/Chicago
KHOP,America/Chicago
KHOT,America/Chicago
KHOU,America/Chicago
KHPN,America/New_York
KHPT,America/Chicago
KHPY,America/Chicago
KHQG,America/Chicago
KHQM,America/Los_Angeles
KHQU,America/New_York
KHQZ,America/Chicago
KHRI,America/Los_Angeles
KHRJ,America/New_York
KHRL,America/Chicago
KHRO,America/Chicago
KHRT,America/Chicago
KHRU,America/Chicago
KHRX,America/Chicago
KHSA,America/Chicago
KHSB,America/Chicago
KHSD,America/Chicago
KHSE,America/New_York
KHSG,America/Denver
KHSI,America/Chicago
KHSP,America/New_York
KHSR,America/Denver
KHST,America/New_York
KHSV,America/Chicago
KHTH,America/Los_Angeles
KHTL,America/Detroit
KHTO,America/New_York
KHTS,America/New_York
KHTW,America/New_York
KHUA,America/Chicago
KHUF,America/Indiana/Indianapolis
KHUL,America/New_York
KHUM,America/Chicago
KHUT,America/Chicago
KHVC,America/Chicago
KHVE,America/Denver
KHVN,America/New_York
KHVR,America/Denver
KHVS,America/New_York
KHWD,America/Los_Angeles
KHWO,America/New_York
KHWQ,America/Denver
KHWV,America/New_York
KHWY,America/New_York
KHXD,America/New_York
KHXF,America/Chicago
KHYA,America/New_York
KHYI,America/Chicago
KHYR,America/Chicago
KHYS,America/Chicago
KHYW,America/New_York
KHYX,America/Detroit
KHZD,America/Chicago
KHZE,America/North_Dakota/Beulah
KHZL,America/New_York
KHZR,America/Chicago
KHZX,America/Chicago
KHZY,America/New_York
KI06,America/Chicago
KI10,America/New_York
KI12,America/New_York
KI16,America/New_York
KI17,America/New_York
KI18,America/New_York
KI22,America/Indiana/Indianapolis
KI23,America/New_York
KI34,America/Indiana/Indianapolis
KI35,America/New_York
KI39,America/New_York
KI40,America/New_York
KI43,America/New_York
KI50,America/New_York
KI53,America/New_York
KI54,America/New_York
KI58,America/Denver
KI63,America/Chicago
KI64,America/New_York
KI66,America/New_York
KI67,America/New_York
KI68,America/New_York
KI69,America/New_York
KI71,America/New_York
KI73,America/New_York
KI74,America/New_York
KI75,America/Chicago
KI76,America/Indiana/Indianapolis
KI86,America/New_York
KI93,America/Chicago
KI95,America/New_York
KIAB,America/Chicago
KIAD,America/New_York
KIAG,America/New_York
KIAH,America/Chicago
KIBM,America/Denver
KICL,America/Chicago
KICR,America/Chicago
KICT,America/Chicago
KIDA,America/Boise
KIDG,America/Chicago
KIDI,America/New_York
KIDL,America/Chicago
KIDP,America/Chicago
KIEN,America/Denver
KIER,America/Chicago
KIFA,America/Chicago
KIFP,America/Phoenix
KIGM,America/Phoenix
KIGQ,America/Chicago
KIIB,America/Chicago
KIIY,America/New_York
KIJD,America/New_York
KIJX,America/Chicago
KIKG,America/Chicago
KIKK,America/Chicago
KIKV,America/Chicago
KILE,America/Chicago
KILG,America/New_York
KILM,America/New_York
KILN,America/New_York
KIML,America/Denver
KIMM,America/New_York
KIMS,America/Indiana/Indianapolis
KIMT,America/Menominee
KIND,America/Indiana/Indianapolis
KINF,America/New_York
KINJ,America/Chicago
KINK,America/Chicago
KINL,America/Chicago
KINS,America/Los_Angeles
KINT,America/New_York
KINW,America/Phoenix
KIOB,America/New_York
KIOW,America/Chicago
KIPJ,America/New_York
KIPL,America/Los_Angeles
KIPT,America/New_York
KIRK,America/Chicago
KIRS,America/Detroit
KISB,America/Chicago
KISM,America/New_York
KISO,America/New_York
KISP,America/New_York
KISQ,America/Detroit
KISW,America/Chicago
KITH,America/New_York
KITR,America/Denver
KIWA,America/Phoenix
KIWD,America/Menominee
KIWH,America/Indiana/Indianapolis
KIWI,America/New_York
KIWS,America/Chicago
KIXA,America/New_York
KIXD,America/Chicago
KIYK,America/Los_Angeles
KIZA,America/Los_Angeles
KIZG,America/New_York
KJAC,America/Denver
KJAN,America/Chicago
KJAS,America/Chicago
KJAU,America/New_York
KJAX,America/New_York
KJBR,America/Chicago
KJCT,America/Chicago
KJDD,America/Chicago
KJDN,America/Denver
KJEF,America/Chicago
KJER,America/Boise
KJES,America/New_York
KJFK,America/New_York
KJFX,America/Chicago
KJFZ,America/New_York
KJGG,America/New_York
KJHW,America/New_York
KJKA,America/Chicago
KJKJ,America/Chicago
KJKL,America/New_York
KJLN,America/Chicago
KJMR,America/Chicago
KJMS,America/Chicago
KJNX,America/New_York
KJOT,America/Chicago
KJQF,America/New_York
KJSO,America/Chicago
KJST,America/New_York
KJSV,America/Chicago
KJVL,America/Chicago
KJVY,America/Kentucky/Louisville
KJWG,America/Chicago
KJWN,America/Chicago
KJWY,America/Chicago
KJXI,America/Chicago
KJXN,America/Detroit
KJYG,America/Chicago
KJYL,America/New_York
KJYM,America/Detroit
KJYO,America/New_York
KJYR,America/Chicago
KJZI,America/New_York
KJZP,America/New_York
KK02,America/Chicago
KK06,America/Chicago
KK09,America/New_York
KK15,America/Chicago
KK16,America/New_York
KK19,America/Chicago
KK20,America/New_York
KK22,America/New_York
KK24,America/Chicago
KK32,America/Chicago
KK33,America/Chicago
KK38,America/Chicago
KK44,America/Chicago
KK49,America/Chicago
KK51,America/Chicago
KK52,America/Chicago
KK57,America/Chicago
KK58,America/Chicago
KK59,America/Chicago
KK61,America/Chicago
KK62,America/New_York
KK74,America/Chicago
KK75,America/Chicago
KK77,America/Chicago
KK79,America/Chicago
KK81,America/Chicago
KK82,America/Chicago
KK83,America/Chicago
KK88,America/Chicago
KK89,America/Chicago
KK94,America/Chicago
KKIC,America/Los_Angeles
KKLS,America/Los_Angeles
KKNB,America/Denver
KL00,America/Los_Angeles
KL04,America/Los_Angeles
KL05,America/Los_Angeles
KL06,America/Los_Angeles
KL08,America/Los_Angeles
KL09,America/Los_Angeles
KL17,America/Los_Angeles
KL19,America/Los_Angeles
KL22,America/Los_Angeles
KL23,America/Los_Angeles
KL26,America/Los_Angeles
KL31,America/Chicago
KL32,America/Chicago
KL33,America/Chicago
KL35,America/Los_Angeles
KL38,America/Chicago
KL39,America/Chicago
KL41,America/Phoenix
KL45,America/Los_Angeles
KL62,America/Los_Angeles
KL64,America/Los_Angeles
KL65,America/Los_Angeles
KL66,America/Chicago
KL70,America/Los_Angeles
KL71,America/Los_Angeles
KL72,America/Los_Angeles
KL73,America/Los_Angeles
KL77,America/Los_Angeles
KL83,America/Chicago
KL88,America/Los_Angeles
KL94,America/Los_Angeles
KLAA,America/Denver
KLAF,America/Indiana/Indianapolis
KLAL,America/New_York
KLAM,America/Denver
KLAN,America/Detroit
KLAR,America/Denver
KLAS,America/Los_Angeles
KLAW,America/Chicago
KLAX,America/Los_Angeles
KLBB,America/Chicago
KLBE,America/New_York
KLBF,America/Chicago
KLBL,America/Chicago
KLBO,America/Chicago
KLBR,America/Chicago
KLBT,America/New_York
KLBX,America/Chicago
KLCG,America/Chicago
KLCH,America/Chicago
KLCI,America/New_York
KLCK,America/New_York
KLCQ,America/New_York
KLDJ,America/New_York
KLDM,America/Detroit
KLEB,America/New_York
KLEE,America/New_York
KLEM,America/Denver
KLEW,America/New_York
KLEX,America/New_York
KLFI,America/New_York
KLFK,America/Chicago
KLFT,America/Chicago
KLGA,America/New_York
KLGB,America/Los_Angeles
KLGC,America/New_York
KLGD,America/Los_Angeles
KLGF,America/Phoenix
KLGU,America/Denver
KLHB,America/Chicago
KLHM,America/Los_Angeles
KLHQ,America/New_York
KLHV,America/New_York
KLHW,America/New_York
KLHX,America/Denver
KLHZ,America/New_York
KLIC,America/Denver
KLIT,America/Chicago
KLIU,America/Chicago
KLJF,America/Chicago
KLKP,America/New_York
KLKR,America/New_York
KLKU,America/New_York
KLKV,America/Los_Angeles
KLLJ,America/Boise
KLLN,America/Chicago
KLLQ,America/Chicago
KLLR,America/Los_Angeles
KLLU,America/Chicago
KLMO,America/Denver
KLMS,America/Chicago
KLMT,America/Los_Angeles
KLNA,America/New_York
KLNC,America/Chicago
KLND,America/Denver
KLNK,America/Chicago
KLNL,America/Chicago
KLNN,America/New_York
KLNP,America/New_York
KLNR,America/Chicago
KLNS,America/New_York
KLOL,America/Los_Angeles
KLOM,America/New_York
KLOT,America/Chicago
KLOU,America/Kentucky/Louisville
KLOZ,America/New_York
KLPC,America/Los_Angeles
KLPR,America/New_York
KLQK,America/New_York
KLQR,America/Chicago
KLRD,America/Chicago
KLRF,America/Chicago
KLRG,America/New_York
KLRJ,America/Chicago
KLRO,America/New_York
KLRU,America/Denver
KLRY,America/Chicago
KLSB,America/Denver
KLSE,America/Chicago
KLSF,America/New_York
KLSK,America/Denver
KLSN,America/Los_Angeles
KLSV,America/Los_Angeles
KLTS,America/Chicago
KLTY,America/Denver
KLUD,America/Chicago
KLUF,America/Phoenix
KLUG,America/Chicago
KLUK,America/New_York
KLUL,America/Chicago
KLUM,America/Chicago
KLUX,America/New_York
KLVJ,America/Chicago
KLVK,America/Los_Angeles
KLVL,America/New_York
KLVM,America/Denver
KLVN,America/Chicago
KLVS,America/Denver
KLWA,America/Detroit
KLWB,America/New_York
KLWC,America/Chicago
KLWL,America/Los_Angeles
KLWM,America/New_York
KLWS,America/Los_Angeles
KLWT,America/Denver
KLWV,America/Chicago
KLXL,America/Chicago
KLXN,America/Chicago
KLXT,America/Chicago
KLXV,America/Denver
KLXY,America/Chicago
KLYH,America/New_York
KLYO,America/Chicago
KLYV,America/Chicago
KLZD,America/New_York
KLZU,America/New_York
KLZZ,America/Chicago
KM01,America/Chicago
KM02,America/Chicago
KM04,America/Chicago
KM05,America/Chicago
KM08,America/Chicago
KM11,America/Chicago
KM12,America/Chicago
KM13,America/Chicago
KM15,America/Chicago
KM16,America/Chicago
KM17,America/Chicago
KM18,America/Chicago
KM19,America/Chicago
KM20,America/Chicago
KM21,America/Chicago
KM22,America/Chicago
KM23,America/Chicago
KM24,America/Chicago
KM25,America/Chicago
KM27,America/Chicago
KM29,America/Chicago
KM30,America/Chicago
KM31,America/Chicago
KM32,America/Chicago
KM33,America/Chicago
KM34,America/Chicago
KM36,America/Chicago
KM37,America/Chicago
KM40,America/Chicago
KM41,America/Chicago
KM43,America/Chicago
KM44,America/Chicago
KM45,America/Los_Angeles
KM46,America/Denver
KM48,America/Chicago
KM50,America/Los_Angeles
KM51,America/Chicago
KM53,America/Chicago
KM54,America/Chicago
KM55,America/Chicago
KM59,America/Chicago
KM60,America/Chicago
KM66,America/Chicago
KM70,America/Chicago
KM71,America/Chicago
KM72,America/Chicago
KM73,America/Chicago
KM75,America/Denver
KM77,America/Chicago
KM78,America/Chicago
KM79,America/Chicago
KM80,America/Chicago
KM83,America/Chicago
KM85,America/Chicago
KM89,America/Chicago
KM90,America/Los_Angeles
KM91,America/Chicago
KM93,America/Chicago
KM94,America/Los_Angeles
KM95,America/Chicago
KMAC,America/New_York
KMAE,America/Los_Angeles
KMAF,America/Chicago
KMAI,America/Chicago
KMAL,America/New_York
KMAO,America/New_York
KMAW,America/Chicago
KMBG,America/Chicago
KMBL,America/Detroit
KMBO,America/Chicago
KMBS,America/Detroit
KMBT,America/Chicago
KMBY,America/Chicago
KMCB,America/Chicago
KMCC,America/Los_Angeles
KMCD,America/Detroit
KMCE,America/Los_Angeles
KMCF,America/New_York
KMCI,America/Chicago
KMCK,America/Chicago
KMCN,America/New_York
KMCO,America/New_York
KMCW,America/Chicago
KMCX,America/Indiana/Indianapolis
KMCZ,America/New_York
KMDD,America/Chicago
KMDF,America/Chicago
KMDH,America/Chicago
KMDQ,America/Chicago
KMDS,America/Chicago
KMDT,America/New_York
KMDW,America/Chicago
KMDZ,America/Chicago
KMEB,America/New_York
KMEI,America/Chicago
KMEJ,America/Chicago
KMEM,America/Chicago
KMER,America/Los_Angeles
KMEV,America/Los_Angeles
KMEY,America/Chicago
KMEZ,America/Chicago
KMFD,America/New_York
KMFE,America/Chicago
KMFI,America/Chicago
KMFR,America/Los_Angeles
KMFV,America/New_York
KMGC,America/Chicago
KMGE,America/New_York
KMGG,America/Chicago
KMGJ,America/New_York
KMGM,America/Chicago
KMGN,America/Detroit
KMGR,America/New_York
KMGW,America/New_York
KMGY,America/New_York
KMHE,America/Chicago
KMHK,America/Chicago
KMHL,America/Chicago
KMHP,America/New_York
KMHR,America/Los_Angeles
KMHT,America/New_York
KMHV,America/Los_Angeles
KMIA,America/New_York
KMIB,America/Chicago
KMIC,America/Chicago
KMIE,America/Indiana/Indianapolis
KMIO,America/Chicago
KMIT,America/Los_Angeles
KMIV,America/New_York
KMIW,America/Chicago
KMJD,America/Chicago
KMJQ,America/Chicago
KMJX,America/New_York
KMKA,America/Chicago
KMKC,America/Chicago
KMKE,America/Chicago
KMKG,America/Detroit
KMKJ,America/New_York
KMKL,America/Chicago
KMKN,America/Chicago
KMKO,America/Chicago
KMKS,America/New_York
KMKT,America/Chicago
KMKV,America/Chicago
KMKY,America/New_York
KMLB,America/New_York
KMLC,America/Chicago
KMLD,America/Boise
KMLE,America/Chicago
KMLF,America/Denver
KMLI,America/Chicago
KMLJ,America/New_York
KMLS,America/Denver
KMLT,America/New_York
KMLU,America/Chicago
KMMH,America/Los_Angeles
KMMI,America/New_York
KMMK,America/New_York
KMML,America/Chicago
KMMS,America/Chicago
KMMT,America/New_York
KMMU,America/New_York
KMMV,America/Los_Angeles
KMNF,America/Chicago
KMNI,America/New_York
KMNM,America/Menominee
KMNN,America/New_York
KMNV,America/New_York
KMNZ,America/Chicago
KMO1,America/Chicago
KMO3,America/Chicago
KMO6,America/Chicago
KMO8,America/Chicago
KMOB,America/Chicago
KMOD,America/Los_Angeles
KMOP,America/Detroit
KMOR,America/New_York
KMOT,America/Chicago
KMOX,America/Chicago
KMPE,America/Chicago
KMPG,America/New_York
KMPI,America/Los_Angeles
KMPJ,America/Chicago
KMPO,America/New_York
KMPR,America/Chicago
KMPV,America/New_York
KMPZ,America/Chicago
KMQB,America/Chicago
KMQI,America/New_York
KMQJ,America/Indiana/Indianapolis
KMQS,America/New_York
KMQW,America/New_York
KMQY,America/Chicago
KMRB,America/New_York
KMRC,America/Chicago
KMRF,America/Chicago
KMRH,America/New_York
KMRJ,America/Chicago
KMRN,America/New_York
KMRT,America/New_York
KMRY,America/Los_Angeles
KMSL,America/Chicago
KMSN,America/Chicago
KMSO,America/Denver
KMSP,America/Chicago
KMSS,America/New_York
KMSV,America/New_York
KMSY,America/Chicago
KMTC,America/Detroit
KMTH,America/New_York
KMTJ,America/Denver
KMTN,America/New_York
KMTO,America/Chicago
KMTP,America/New_York
KMTV,America/New_York
KMTW,America/Chicago
KMUI,America/New_York
KMUL,America/New_York
KMUO,America/Boise
KMUT,America/Chicago
KMVC,America/Chicago
KMVE,America/Chicago
KMVI,America/Denver
KMVL,America/New_York
KMVM,America/New_York
KMVN,America/Chicago
KMVY,America/New_York
KMWA,America/Chicago
KMWC,America/Chicago
KMWH,America/Los_Angeles
KMWK,America/New_York
KMWL,America/Chicago
KMWM,America/Chicago
KMWO,America/New_York
KMXA,America/Chicago
KMXF,America/Chicago
KMXO,America/Chicago
KMYF,America/Los_Angeles
KMYJ,America/Chicago
KMYL,America/Boise
KMYR,America/New_York
KMYV,America/Los_Angeles
KMYZ,America/Chicago
KMZH,America/Chicago
KMZJ,America/Phoenix
KMZZ,America/Indiana/Indianapolis
KN03,America/New_York
KN06,America/New_York
KN12,America/New_York
KN13,America/New_York
KN14,America/New_York
KN19,America/Denver
KN23,America/New_York
KN24,America/Denver
KN27,America/New_York
KN35,America/New_York
KN37,America/New_York
KN38,America/New_York
KN40,America/New_York
KN47,America/New_York
KN49,America/Los_Angeles
KN51,America/New_York
KN52,America/New_York
KN57,America/New_York
KN58,America/Los_Angeles
KN59,America/Los_Angeles
KN66,America/New_York
KN68,America/New_York
KN71,America/New_York
KN73,America/New_York
KN79,America/New_York
KN81,America/New_York
KN82,America/New_York
KN87,America/New_York
KN89,America/New_York
KN94,America/New_York
KN96,America/New_York
KN98,America/Detroit
KNBC,America/New_York
KNBG,America/Chicago
KNBJ,America/Chicago
KNCA,America/New_York
KNDY,America/New_York
KNDZ,America/Chicago
KNEL,America/New_York
KNEN,America/New_York
KNEW,America/Chicago
KNFD,America/Chicago
KNFE,America/New_York
KNFG,America/Los_Angeles
KNFJ,America/Chicago
KNFL,America/Los_Angeles
KNFW,America/Chicago
KNGP,America/Chicago
KNGS,America/Chicago
KNGU,America/New_York
KNGW,America/Chicago
KNHK,America/New_York
KNID,America/Los_Angeles
KNIP,America/New_York
KNJK,America/Los_Angeles
KNJM,America/New_York
KNJW,America/Chicago
KNKT,America/New_York
KNKX,America/Los_Angeles
KNLC,America/Los_Angeles
KNMM,America/Chicago
KNOG,America/Chicago
KNOW,America/Los_Angeles
KNPA,America/Chicago
KNQA,America/Chicago
KNQB,America/Chicago
KNQI,America/Chicago
KNQX,America/New_York
KNRA,America/Los_Angeles
KNRB,America/New_York
KNRN,America/Chicago
KNRQ,America/Chicago
KNRS,America/Los_Angeles
KNSE,America/Chicago
KNSI,America/Los_Angeles
KNTD,America/Los_Angeles
KNTU,America/New_York
KNUC,America/Los_Angeles
KNUI,America/New_York
KNUQ,America/Los_Angeles
KNUW,America/Los_Angeles
KNVD,America/Chicago
KNWL,America/Chicago
KNXP,America/Los_Angeles
KNY0,America/New_York
KNY2,America/New_York
KNYG,America/New_York
KNYL,America/Phoenix
KNZY,America/Los_Angeles
KO02,America/Los_Angeles
KO05,America/Los_Angeles
KO08,America/Los_Angeles
KO09,America/Los_Angeles
KO11,America/Chicago
KO15,America/Los_Angeles
KO16,America/Los_Angeles
KO20,America/Los_Angeles
KO22,America/Los_Angeles
KO24,America/Los_Angeles
KO26,America/Los_Angeles
KO27,America/Los_Angeles
KO28,America/Los_Angeles
KO32,America/Los_Angeles
KO35,America/Chicago
KO37,America/Los_Angeles
KO41,America/Los_Angeles
KO42,America/Los_Angeles
KO43,America/Los_Angeles
KO46,America/Los_Angeles
KO47,America/Chicago
KO52,America/Los_Angeles
KO53,America/Chicago
KO54,America/Los_Angeles
KO57,America/Los_Angeles
KO59,America/Los_Angeles
KO60,America/Los_Angeles
KO61,America/Los_Angeles
KO65,America/Chicago
KO69,America/Los_Angeles
KO70,America/Los_Angeles
KO79,America/Los_Angeles
KO81,America/Los_Angeles
KO86,America/Los_Angeles
KO88,America/Los_Angeles
KO89,America/Los_Angeles
KOAJ,America/New_York
KOAK,America/Los_Angeles
KOAR,America/Los_Angeles
KOBE,America/New_York
KOBI,America/New_York
KOCF,America/New_York
KOCH,America/Chicago
KOCQ,America/Chicago
KOCW,America/New_York
KODO,America/Chicago
KODX,America/Chicago
KOEA,America/Chicago
KOEB,America/Detroit
KOEL,America/Chicago
KOEO,America/Chicago
KOFF,America/Chicago
KOFK,America/Chicago
KOFP,America/New_York
KOGA,America/Denver
KOGB,America/New_York
KOGD,America/Denver
KOGM,America/Detroit
KOGS,America/New_York
KOIC,America/New_York
KOIN,America/Chicago
KOJA,America/Chicago
KOJC,America/Chicago
KOKB,America/Los_Angeles
KOKC,America/Chicago
KOKH,America/Los_Angeles
KOKK,America/Indiana/Indianapolis
KOKM,America/Chicago
KOKS,America/Denver
KOKV,America/New_York
KOKZ,America/New_York
KOLD,America/New_York
KOLE,America/New_York
KOLF,America/Denver
KOLG,America/Chicago
KOLM,America/Los_Angeles
KOLS,America/Phoenix
KOLU,America/Chicago
KOLV,America/Chicago
KOLY,America/Chicago
KOLZ,America/Chicago
KOMA,America/Chicago
KOMH,America/New_York
KOMK,America/Los_Angeles
KOMN,America/New_York
KONA,America/Chicago
KONL,America/Chicago
KONM,America/Denver
KONO,America/Boise
KONP,America/Los_Angeles
KONT,America/Los_Angeles
KONX,America/New_York
KONY,America/Chicago
KONZ,America/Detroit
KOOA,America/Chicago
KOPF,America/New_York
KOPL,America/Chicago
KOPN,America/New_York
KOQN,America/New_York
KOQU,America/New_York
KOQW,America/Chicago
KORB,America/Chicago
KORD,America/Chicago
KORE,America/New_York
KORF,America/New_York
KORG,America/Chicago
KORH,America/New_York
KORK,America/Chicago
KORL,America/New_York
KORS,America/Los_Angeles
KOSA,America/Chicago
KOSC,America/Detroit
KOSH,America/Chicago
KOSU,America/New_York
KOSX,America/Chicago
KOTG,America/Chicago
KOTH,America/Los_Angeles
KOTM,America/Chicago
KOUN,America/Chicago
KOVE,America/Los_Angeles
KOVL,America/Chicago
KOVO,America/Indiana/Indianapolis
KOVS,America/Chicago
KOWA,America/Chicago
KOWB,America/Chicago
KOWD,America/New_York
KOWI,America/Chicago
KOWK,America/New_York
KOWP,America/Chicago
KOWX,America/New_York
KOXB,America/New_York
KOXC,America/New_York
KOXD,America/New_York
KOXI,America/Indiana/Knox
KOXR,America/Los_Angeles
KOXV,America/Chicago
KOYM,America/New_York
KOZA,America/Chicago
KOZR,America/Chicago
KOZW,America/Detroit
KP01,America/Phoenix
KP03,America/Phoenix
KP04,America/Phoenix
KP08,America/Phoenix
KP10,America/Phoenix
KP13,America/Phoenix
KP14,America/Phoenix
KP19,America/Phoenix
KP20,America/Phoenix
KP23,America/Phoenix
KP29,America/Phoenix
KP33,America/Phoenix
KP52,America/Phoenix
KPAE,America/Los_Angeles
KPAH,America/Chicago
KPAM,America/Chicago
KPAN,America/Phoenix
KPAO,America/Los_Angeles
KPBF,America/Chicago
KPBG,America/New_York
KPBH,America/Chicago
KPBI,America/New_York
KPBX,America/New_York
KPCM,America/New_York
KPCW,America/New_York
KPCZ,America/Chicago
KPDC,America/Chicago
KPDK,America/New_York
KPDT,America/Los_Angeles
KPDX,America/Los_Angeles
KPEA,America/Chicago
KPEO,America/New_York
KPEQ,America/Chicago
KPEX,America/Chicago
KPEZ,America/Chicago
KPFC,America/Los_Angeles
KPGA,America/Phoenix
KPGD,America/New_York
KPGR,America/Chicago
KPGV,America/New_York
KPHD,America/New_York
KPHF,America/New_York
KPHG,America/Chicago
KPHH,America/New_York
KPHK,America/New_York
KPHL,America/New_York
KPHN,America/Detroit
KPHP,America/Denver
KPHT,America/Chicago
KPHX,America/Phoenix
KPIA,America/Chicago
KPIB,America/Chicago
KPIE,America/New_York
KPIH,America/Boise
KPIL,America/Chicago
KPIM,America/New_York
KPIR,America/Chicago
KPIT,America/New_York
KPJC,America/New_York
KPJY,America/Chicago
KPKB,America/New_York
KPKD,America/Chicago
KPKF,America/Chicago
KPKV,America/Chicago
KPLD,America/Indiana/Indianapolis
KPLK,America/Chicago
KPLN,America/Detroit
KPLR,America/Chicago
KPLU,America/Los_Angeles
KPMB,America/Chicago
KPMD,America/Los_Angeles
KPMH,America/New_York
KPMP,America/New_York
KPMU,America/Chicago
KPMV,America/Chicago
KPMZ,America/New_York
KPNA,America/Denver
KPNC,America/Chicago
KPNE,America/New_York
KPNM,America/Chicago
KPNN,America/New_York
KPNS,America/Chicago
KPNT,America/Chicago
KPOB,America/New_York
KPOC,America/Los_Angeles
KPOE,America/Chicago
KPOF,America/Chicago
KPOH,America/Chicago
KPOU,America/New_York
KPOV,America/New_York
KPOY,America/Denver
KPPA,America/Chicago
KPPF,America/Chicago
KPPO,America/Chicago
KPPQ,America/Chicago
KPQI,America/New_York
KPQL,America/Chicago
KPQN,America/Chicago
KPRB,America/Los_Angeles
KPRC,America/Phoenix
KPRG,America/Chicago
KPRN,America/Chicago
KPRO,America/Chicago
KPRS,America/Chicago
KPRX,America/Chicago
KPRZ,America/Denver
KPSB,America/New_York
KPSC,America/Los_Angeles
KPSF,America/New_York
KPSK,America/New_York
KPSM,America/New_York
KPSN,America/Chicago
KPSO,America/Denver
KPSP,America/Los_Angeles
KPSX,America/Chicago
KPTB,America/New_York
KPTD,America/New_York
KPTK,America/Detroit
KPTN,America/Chicago
KPTS,America/Chicago
KPTT,America/Chicago
KPTV,America/Los_Angeles
KPTW,America/New_York
KPUB,America/Denver
KPUC,America/Denver
KPUJ,America/New_York
KPUW,America/Los_Angeles
KPVB,America/Chicago
KPVC,America/New_York
KPVD,America/New_York
KPVE,America/Chicago
KPVF,America/Los_Angeles
KPVG,America/New_York
KPVJ,America/Chicago
KPVU,America/Denver
KPVW,America/Chicago
KPWA,America/Chicago
KPWC,America/Chicago
KPWD,America/Denver
KPWG,America/Chicago
KPWK,America/Chicago
KPWM,America/New_York
KPWT,America/Los_Angeles
KPXE,America/New_York
KPYG,America/New_York
KPYM,America/New_York
KPYN,America/Chicago
KPYP,America/Chicago
KPYX,America/Chicago
KPZQ,America/Detroit
KR47,America/New_York
KR49,America/Los_Angeles
KRAC,America/Chicago
KRAL,America/Los_Angeles
KRAP,America/Denver
KRAS,America/Chicago
KRAW,America/Chicago
KRBD,America/Chicago
KRBE,America/Chicago
KRBG,America/Los_Angeles
KRBL,America/Los_Angeles
KRBM,America/Chicago
KRBO,America/Chicago
KRBW,America/New_York
KRCA,America/Denver
KRCK,America/Chicago
KRCM,America/Chicago
KRCP,America/Chicago
KRCR,America/Indiana/Indianapolis
KRCT,America/Detroit
KRCX,America/Chicago
KRCZ,America/New_York
KRDD,America/Los_Angeles
KRDG,America/New_York
KRDK,America/Chicago
KRDM,America/Los_Angeles
KRDR,America/Chicago
KRDU,America/New_York
KRED,America/Denver
KREI,America/Los_Angeles
KREO,America/Boise
KRFD,America/Chicago
KRFG,America/Chicago
KRFI,America/Chicago
KRGK,America/Chicago
KRHI,America/Chicago
KRHP,America/New_York
KRHV,America/Los_Angeles
KRIC,America/New_York
KRID,America/Indiana/Indianapolis
KRIF,America/Denver
KRIL,America/Denver
KRIR,America/Los_Angeles
KRIU,America/Los_Angeles
KRIV,America/Los_Angeles
KRIW,America/Denver
KRJD,America/New_York
KRK1,America/Anchorage
KRKD,America/New_York
KRKP,America/Chicago
KRKR,America/Chicago
KRKS,America/Denver
KRKW,America/Chicago
KRLD,America/Los_Angeles
KRME,America/New_York
KRMG,America/New_York
KRMN,America/New_York
KRMY,America/Detroit
KRNC,America/Chicago
KRND,America/Chicago
KRNH,America/Chicago
KRNM,America/Los_Angeles
KRNO,America/Los_Angeles
KRNP,America/Detroit
KRNT,America/Los_Angeles
KRNV,America/Chicago
KROA,America/New_York
KROC,America/New_York
KROG,America/Chicago
KROS,America/Chicago
KROW,America/Denver
KROX,America/Chicago
KRPB,America/Chicago
KRPD,America/Chicago
KRPH,America/Chicago
KRPJ,America/Chicago
KRPX,America/Denver
KRQB,America/Detroit
KRQE,America/Denver
KRQO,America/Chicago
KRRL,America/Chicago
KRRQ,America/Chicago
KRRT,America/Chicago
KRSL,America/Chicago
KRSN,America/Chicago
KRST,America/Chicago
KRSV,America/Chicago
KRSW,America/New_York
KRTN,America/Denver
KRUE,America/Chicago
KRUG,America/Chicago
KRUQ,America/New_York
KRUT,America/New_York
KRVJ,America/New_York
KRVL,America/New_York
KRVN,America/New_York
KRVS,America/Chicago
KRWF,America/Chicago
KRWI,America/New_York
KRWL,America/Denver
KRWN,America/Indiana/Winamac
KRWV,America/Chicago
KRXE,America/Boise
KRYM,America/Chicago
KRYN,America/Phoenix
KRYV,America/Chicago
KRYW,America/Chicago
KRYY,America/New_York
KRZL,America/Chicago
KRZN,America/Chicago
KRZR,America/New_York
KRZT,America/New_York
KS01,America/Denver
KS03,America/Los_Angeles
KS05,America/Los_Angeles
KS10,America/Los_Angeles
KS12,America/Los_Angeles
KS17,America/New_York
KS19,America/New_York
KS20,America/Los_Angeles
KS21,America/Los_Angeles
KS23,America/Los_Angeles
KS24,America/New_York
KS25,America/Chicago
KS27,America/Denver
KS32,America/Chicago
KS33,America/Los_Angeles
KS34,America/Denver
KS36,America/Los_Angeles
KS39,America/Los_Angeles
KS40,America/Los_Angeles
KS42,America/Denver
KS45,America/Los_Angeles
KS48,America/Los_Angeles
KS50,America/Los_Angeles
KS52,America/Los_Angeles
KS59,America/Denver
KS64,America/Denver
KS67,America/Boise
KS69,America/Denver
KS70,America/Los_Angeles
KS71,America/Denver
KS72,America/Los_Angeles
KS73,America/Los_Angeles
KS75,America/Boise
KS78,America/Boise
KS83,America/Los_Angeles
KS84,America/Los_Angeles
KS85,America/Denver
KS87,America/Boise
KS94,America/Los_Angeles
KS95,America/Los_Angeles
KS97,America/Los_Angeles
KSAA,America/Denver
KSAC,America/Los_Angeles
KSAD,America/Phoenix
KSAF,America/Denver
KSAN,America/Los_Angeles
KSAR,America/Chicago
KSAS,America/Los_Angeles
KSAT,America/Chicago
KSAV,America/New_York
KSAW,America/Detroit
KSAZ,America/Chicago
KSBA,America/Los_Angeles
KSBD,America/Los_Angeles
KSBM,America/Chicago
KSBN,America/Indiana/Indianapolis
KSBO,America/New_York
KSBP,America/Los_Angeles
KSBS,America/Denver
KSBU,America/Chicago
KSBX,America/Denver
KSBY,America/New_York
KSCB,America/Chicago
KSCD,America/Chicago
KSCH,America/New_York
KSCK,America/Los_Angeles
KSCX,America/New_York
KSDA,America/Chicago
KSDC,America/New_York
KSDF,America/Kentucky/Louisville
KSDL,America/Phoenix
KSDM,America/Los_Angeles
KSDY,America/Denver
KSEA,America/Los_Angeles
KSEE,America/Los_Angeles
KSEF,America/New_York
KSEG,America/New_York
KSEM,America/Chicago
KSEP,America/Chicago
KSEQ,America/Chicago
KSER,America/Indiana/Indianapolis
KSET,America/Chicago
KSEZ,America/Phoenix
KSFB,America/New_York
KSFF,America/Los_Angeles
KSFM,America/New_York
KSFO,America/Los_Angeles
KSFQ,America/New_York
KSFY,America/Chicago
KSFZ,America/New_York
KSGF,America/Chicago
KSGH,America/New_York
KSGJ,America/New_York
KSGR,America/Chicago
KSGS,America/Chicago
KSGT,America/Chicago
KSGU,America/Denver
KSHD,America/New_York
KSHL,America/Chicago
KSHN,America/Los_Angeles
KSHR,America/Denver
KSHV,America/Chicago
KSIF,America/New_York
KSIK,America/Chicago
KSIV,America/Indiana/Indianapolis
KSIY,America/Los_Angeles
KSJC,America/Los_Angeles
KSJN,America/Phoenix
KSJT,America/Chicago
KSJX,America/Detroit
KSKA,America/Los_Angeles
KSKF,America/Chicago
KSKI,America/Chicago
KSKX,America/Denver
KSLB,America/Chicago
KSLC,America/Denver
KSLE,America/Los_Angeles
KSLG,America/Chicago
KSLH,America/Detroit
KSLI,America/Los_Angeles
KSLK,America/New_York
KSLN,America/Chicago
KSLO,America/Chicago
KSLR,America/Chicago
KSMD,America/Indiana/Indianapolis
KSME,America/New_York
KSMF,America/Los_Angeles
KSMN,America/Boise
KSMO,America/Los_Angeles
KSMQ,America/New_York
KSMS,America/New_York
KSMX,America/Los_Angeles
KSNA,America/Los_Angeles
KSNC,America/New_York
KSNH,America/Chicago
KSNK,America/Chicago
KSNL,America/Chicago
KSNS,America/Los_Angeles
KSNY,America/Denver
KSOA,America/Chicago
KSOP,America/New_York
KSOW,America/Phoenix
KSPA,America/New_York
KSPB,America/Los_Angeles
KSPF,America/Denver
KSPG,America/New_York
KSPH,America/Chicago
KSPI,America/Chicago
KSPK,America/Denver
KSPS,America/Chicago
KSPW,America/Chicago
KSPZ,America/Los_Angeles
KSQI,America/Chicago
KSQL,America/Los_Angeles
KSRB,America/Chicago
KSRC,America/Chicago
KSRE,America/Chicago
KSRQ,America/New_York
KSRR,America/Denver
KSSC,America/New_York
KSSF,America/Chicago
KSSI,America/New_York
KSSQ,America/Chicago
KSTC,America/Chicago
KSTE,America/Chicago
KSTF,America/Chicago
KSTJ,America/Chicago
KSTK,America/Denver
KSTL,America/Chicago
KSTP,America/Chicago
KSTS,America/Los_Angeles
KSUA,America/New_York
KSUD,America/Chicago
KSUE,America/Chicago
KSUN,America/Boise
KSUO,America/Chicago
KSUS,America/Chicago
KSUT,America/New_York
KSUU,America/Los_Angeles
KSUW,America/Chicago
KSUX,America/Chicago
KSUZ,America/Chicago
KSVC,America/Denver
KSVE,America/Los_Angeles
KSVH,America/New_York
KSVN,America/New_York
KSWF,America/New_York
KSWI,America/Chicago
KSWO,America/Chicago
KSWT,America/Chicago
KSWW,America/Chicago
KSXK,America/Chicago
KSXL,America/New_York
KSYF,America/Chicago
KSYI,America/Chicago
KSYN,America/Chicago
KSYR,America/New_York
KSYV,America/New_York
KSZL,America/Chicago
KSZN,America/Los_Angeles
KSZP,America/Los_Angeles
KSZT,America/Los_Angeles
KSZY,America/Chicago
KT00,America/Chicago
KT03,America/Denver
KT05,America/Chicago
KT12,America/Chicago
KT15,America/Chicago
KT16,America/Denver
KT17,America/Chicago
KT19,America/Chicago
KT20,America/Chicago
KT23,America/Chicago
KT24,America/Chicago
KT30,America/Chicago
KT31,America/Chicago
KT35,America/Chicago
KT36,America/Chicago
KT39,America/Chicago
KT41,America/Chicago
KT42,America/Los_Angeles
KT45,America/Chicago
KT47,America/Chicago
KT50,America/Chicago
KT51,America/Chicago
KT54,America/Chicago
KT55,America/Chicago
KT59,America/Chicago
KT60,America/Chicago
KT65,America/Chicago
KT67,America/Chicago
KT69,America/Chicago
KT74,America/Chicago
KT78,America/Chicago
KT82,America/Chicago
KT85,America/Chicago
KT88,America/Chicago
KT90,America/Chicago
KT92,America/Chicago
KT93,America/Chicago
KTAD,America/Denver
KTAN,America/New_York
KTAZ,America/Chicago
KTBN,America/Chicago
KTBR,America/New_York
KTCC,America/Denver
KTCL,America/Chicago
KTCM,America/Los_Angeles
KTCS,America/Denver
KTCY,America/Los_Angeles
KTDF,America/New_York
KTDO,America/Los_Angeles
KTDW,America/Chicago
KTDZ,America/New_York
KTEB,America/New_York
KTEL,America/Indiana/Tell_City
KTEW,America/Detroit
KTEX,America/Denver
KTFP,America/Chicago
KTGC,America/Chicago
KTGI,America/New_York
KTHA,America/Chicago
KTHM,America/Denver
KTHV,America/New_York
KTIF,America/Chicago
KTIK,America/Chicago
KTIP,America/Chicago
KTIW,America/Los_Angeles
KTIX,America/New_York
KTKC,America/Chicago
KTKI,America/Chicago
KTKO,America/Chicago
KTKV,America/Chicago
KTKX,America/Chicago
KTLH,America/New_York
KTLR,America/Los_Angeles
KTMA,America/New_York
KTMB,America/New_York
KTME,America/Chicago
KTMK,America/Los_Angeles
KTNP,America/Los_Angeles
KTNT,America/New_York
KTNU,America/Chicago
KTNX,America/Los_Angeles
KTOA,America/Los_Angeles
KTOB,America/Chicago
KTOC,America/New_York
KTOI,America/Chicago
KTOL,America/New_York
KTOP,America/Chicago
KTOR,America/Denver
KTPA,America/New_York
KTPF,America/New_York
KTPH,America/Los_Angeles
KTPL,America/Chicago
KTQE,America/Chicago
KTQH,America/Chicago
KTQK,America/Chicago
KTRI,America/New_York
KTRK,America/Los_Angeles
KTRL,America/Chicago
KTRM,America/Los_Angeles
KTRX,America/Chicago
KTSO,America/New_York
KTSP,America/Los_Angeles
KTTA,America/New_York
KTTD,America/Los_Angeles
KTTF,America/Detroit
KTTN,America/New_York
KTTS,America/New_York
KTUL,America/Chicago
KTUP,America/Chicago
KTUS,America/Phoenix
KTVB,America/Chicago
KTVC,America/Detroit
KTVF,America/Chicago
KTVI,America/New_York
KTVK,America/Chicago
KTVL,America/Los_Angeles
KTVR,America/Chicago
KTVY,America/Denver
KTWF,America/Boise
KTWM,America/Chicago
KTWT,America/Chicago
KTXK,America/Chicago
KTYL,America/Phoenix
KTYQ,America/Indiana/Indianapolis
KTYR,America/Chicago
KTYS,America/New_York
KTZR,America/New_York
KTZT,America/Chicago
KTZV,America/Chicago
KU00,America/Boise
KU01,America/Boise
KU02,America/Boise
KU03,America/Boise
KU05,America/Denver
KU06,America/Denver
KU07,America/Denver
KU08,America/Los_Angeles
KU10,America/Boise
KU12,America/Boise
KU13,America/Denver
KU14,America/Denver
KU25,America/Denver
KU30,America/Phoenix
KU34,America/Denver
KU36,America/Boise
KU42,America/Denver
KU52,America/Denver
KU55,America/Denver
KU56,America/Boise
KU58,America/Boise
KU62,America/Boise
KU63,America/Boise
KU68,America/Denver
KU69,America/Denver
KU70,America/Boise
KU76,America/Boise
KU78,America/Boise
KU79,America/Boise
KU81,America/Boise
KU82,America/Boise
KU89,America/Boise
KU96,America/Denver
KUAO,America/Los_Angeles
KUBE,America/Chicago
KUBS,America/Chicago
KUBX,America/Chicago
KUCP,America/New_York
KUCY,America/Chicago
KUDD,America/Los_Angeles
KUDG,America/New_York
KUES,America/Chicago
KUGN,America/Chicago
KUIL,America/Los_Angeles
KUIN,America/Chicago
KUKF,America/New_York
KUKI,America/Los_Angeles
KUKL,America/Chicago
KUKT,America/New_York
KULM,America/Chicago
KULS,America/Chicago
KUMP,America/Indiana/Indianapolis
KUNI,America/New_York
KUNO,America/Chicago
KUNU,America/Chicago
KUNV,America/New_York
KUOS,America/Chicago
KUOX,America/Chicago
KUSE,America/New_York
KUTA,America/Chicago
KUTS,America/Chicago
KUUU,America/New_York
KUUV,America/Chicago
KUVA,America/Chicago
KUWL,America/Indiana/Indianapolis
KUXL,America/Chicago
KUYF,America/New_York
KUZA,America/New_York
KVAD,America/New_York
KVAY,America/New_York
KVBG,America/Los_Angeles
KVBT,America/Chicago
KVCB,America/Los_Angeles
KVCT,America/Chicago
KVCV,America/Los_Angeles
KVDF,America/New_York
KVDI,America/New_York
KVEL,America/Denver
KVER,America/Chicago
KVES,America/New_York
KVGC,America/New_York
KVGT,America/Los_Angeles
KVHN,America/Chicago
KVIH,America/Chicago
KVIQ,America/Chicago
KVIS,America/Los_Angeles
KVJI,America/New_York
KVKS,America/Chicago
KVLA,America/Chicago
KVLD,America/New_York
KVLL,America/Detroit
KVMR,America/Chicago
KVNC,America/New_York
KVNW,America/New_York
KVNY,America/Los_Angeles
KVOK,America/Chicago
KVPC,America/New_York
KVPS,America/Chicago
KVPZ,America/Chicago
KVQQ,America/New_York
KVRB,America/New_York
KVSF,America/New_York
KVTA,America/New_York
KVTI,America/Chicago
KVTN,America/Chicago
KVUJ,America/New_York
KVUO,America/Los_Angeles
KVVS,America/New_York
KVVV,America/Chicago
KVWU,America/Chicago
KVYS,America/Chicago
KW01,America/Los_Angeles
KW03,America/New_York
KW05,America/New_York
KW22,America/New_York
KW28,America/Los_Angeles
KW31,America/New_York
KW35,America/New_York
KW38,America/New_York
KW40,America/New_York
KW41,America/New_York
KW43,America/Denver
KW45,America/New_York
KW63,America/New_York
KW78,America/New_York
KW81,America/New_York
KW90,America/New_York
KW91,America/New_York
KW94,America/New_York
KW95,America/New_York
KW96,America/New_York
KW99,America/New_York
KWAL,America/New_York
KWAY,America/New_York
KWBW,America/New_York
KWDG,America/Chicago
KWDR,America/New_York
KWEA,America/Chicago
KWHP,America/Los_Angeles
KWJF,America/Los_Angeles
KWLD,America/Chicago
KWLW,America/Los_Angeles
KWMC,America/Los_Angeles
KWRB,America/New_York
KWRI,America/New_York
KWRL,America/Denver
KWST,America/New_York
KWVI,America/Los_Angeles
KWVL,America/New_York
KWWD,America/New_York
KWWR,America/Chicago
KWYS,America/Denver
KX04,America/New_York
KX05,America/New_York
KX06,America/New_York
KX07,America/New_York
KX10,America/New_York
KX13,America/New_York
KX14,America/New_York
KX21,America/New_York
KX26,America/New_York
KX35,America/New_York
KX39,America/New_York
KX43,America/Chicago
KX49,America/New_York
KX50,America/New_York
KX51,America/New_York
KX58,America/New_York
KX59,America/New_York
KX60,America/New_York
KXBP,America/Chicago
KXFL,America/New_York
KXLL,America/New_York
KXMR,America/New_York
KXNA,America/Chicago
KXNI,America/Denver
KXNO,America/New_York
KXSA,America/New_York
KXTA,America/Los_Angeles
KXVG,America/Chicago
KXWA,America/Chicago
KY03,America/Chicago
KY14,America/Chicago
KY19,America/North_Dakota/New_Salem
KY23,America/Chicago
KY27,America/Chicago
KY31,America/Detroit
KY37,America/Chicago
KY43,America/Chicago
KY47,America/Detroit
KY50,America/Chicago
KY51,America/Chicago
KY55,America/Chicago
KY65,America/Detroit
KY70,America/Detroit
KY72,America/Chicago
KY74,America/Chicago
KY83,America/Detroit
KY89,America/Detroit
KY93,America/Detroit
KY94,America/Detroit
KY95,America/Detroit
KYIP,America/Detroit
KYKM,America/Los_Angeles
KYKN,America/Chicago
KYNG,America/New_York
KZ01,America/Chicago
KZ10,America/Los_Angeles
KZ98,America/Detroit
KZEF,America/New_York
KZER,America/New_York
KZPH,America/New_York
KZZV,America/New_York
LAKU,Europe/Tirane
LAKV,Europe/Tirane
LATI,Europe/Tirane
LB11,Europe/Sofia
LB13,Europe/Sofia
LB18,Europe/Sofia
LB29,Europe/Sofia
LB30,Europe/Sofia
LB31,Europe/Sofia
LB33,Europe/Sofia
LB35,Europe/Sofia
LB36,Europe/Sofia
LB42,Europe/Sofia
LBAM,Europe/Sofia
LBBA,Europe/Sofia
LBBG,Europe/Sofia
LBBO,Europe/Sofia
LBBQ,Europe/Sofia
LBBZ,Europe/Sofia
LBDA,Europe/Sofia
LBDB,Europe/Sofia
LBGI,Europe/Sofia
LBGO,Europe/Sofia
LBGR,Europe/Sofia
LBHT,Europe/Sofia
LBKJ,Europe/Sofia
LBKL,Europe/Sofia
LBLS,Europe/Sofia
LBMA,Europe/Sofia
LBMO,Europe/Sofia
LBPD,Europe/Sofia
LBPG,Europe/Sofia
LBPL,Europe/Sofia
LBPR,Europe/Sofia
LBRD,Europe/Sofia
LBRS,Europe/Sofia
LBSB,Europe/Sofia
LBSF,Europe/Sofia
LBSL,Europe/Sofia
LBST,Europe/Sofia
LBSZ,Europe/Sofia
LBVD,Europe/Sofia
LBVR,Europe/Sofia
LBWB,Europe/Sofia
LBWN,Europe/Sofia
LDDU,Europe/Zagreb
LDLO,Europe/Zagreb
LDOB,Europe/Zagreb
LDOC,Europe/Zagreb
LDOR,Europe/Zagreb
LDOS,Europe/Zagreb
LDOV,Europe/Zagreb
LDPL,Europe/Zagreb
LDPM,Europe/Zagreb
LDPN,Europe/Zagreb
LDPV,Europe/Zagreb
LDRG,Europe/Zagreb
LDRI,Europe/Zagreb
LDRO,Europe/Zagreb
LDSB,Europe/Zagreb
LDSH,Europe/Zagreb
LDSP,Europe/Zagreb
LDSS,Europe/Zagreb
LDVA,Europe/Zagreb
LDVC,Europe/Zagreb
LDVD,Europe/Zagreb
LDVK,Europe/Zagreb
LDZA,Europe/Zagreb
LDZB,Europe/Zagreb
LDZD,Europe/Zagreb
LDZE,Europe/Zagreb
LDZI,Europe/Zagreb
LDZJ,Europe/Zagreb
LDZK,Europe/Zagreb
LDZL,Europe/Zagreb
LDZS,Europe/Zagreb
LE83,Europe/Madrid
LE84,Europe/Madrid
LEAB,Europe/Madrid
LEAL,Europe/Madrid
LEAM,Europe/Madrid
LEAP,Europe/Madrid
LEAS,Europe/Madrid
LEAX,Europe/Madrid
LEBA,Europe/Madrid
LEBB,Europe/Madrid
LEBE,Europe/Madrid
LEBG,Europe/Madrid
LEBL,Europe/Madrid
LEBZ,Europe/Madrid
LECA,Europe/Madrid
LECD,Europe/Madrid
LECF,Europe/Madrid
LECH,Europe/Madrid
LECI,Europe/Madrid
LECN,Europe/Madrid
LECO,Europe/Madrid
LECT,Europe/Madrid
LECU,Europe/Madrid
LEDA,Europe/Madrid
LEDE,Europe/Madrid
LEEM,Europe/Madrid
LEEV,Europe/Madrid
LEFM,Europe/Madrid
LEGA,Europe/Madrid
LEGC,Europe/Madrid
LEGE,Europe/Madrid
LEGR,Europe/Madrid
LEGT,Europe/Madrid
LEGU,Europe/Madrid
LEGY,Europe/Madrid
LEHC,Europe/Madrid
LEIB,Europe/Madrid
LEIG,Europe/Madrid
LEIZ,Europe/Madrid
LEJO,Europe/Madrid
LEJR,Europe/Madrid
LEJU,Europe/Madrid
LELA,Europe/Madrid
LELC,Europe/Madrid
LELH,Europe/Madrid
LELL,Europe/Madrid
LELM,Europe/Madrid
LELN,Europe/Madrid
LELO,Europe/Madrid
LELT,Europe/Madrid
LEMD,Europe/Madrid
LEMF,Europe/Madrid
LEMG,Europe/Madrid
LEMH,Europe/Madrid
LEMI,Europe/Madrid
LEMO,Europe/Madrid
LEMP,Europe/Madrid
LEMR,Europe/Madrid
LEMS,Europe/Madrid
LEMT,Europe/Madrid
LEMU,Europe/Madrid
LEMX,Europe/Madrid
LENA,Europe/Madrid
LENE,Europe/Madrid
LENN,Europe/Madrid
LEOC,Europe/Madrid
LEOS,Europe/Madrid
LEOT,Europe/Madrid
LEPA,Europe/Madrid
LEPI,Europe/Madrid
LEPP,Europe/Madrid
LEPR,Europe/Madrid
LEPZ,Europe/Madrid
LERE,Europe/Madrid
LERI,Europe/Madrid
LERL,Europe/Madrid
LERM,Europe/Madrid
LERO,Europe/Madrid
LERP,Europe/Madrid
LERS,Europe/Madrid
LERT,Europe/Madrid
LESA,Europe/Madrid
LESB,Europe/Madrid
LESE,Europe/Madrid
LESL,Europe/Madrid
LESO,Europe/Madrid
LESS,Europe/Madrid
LEST,Europe/Madrid
LESU,Europe/Madrid
LETC,Europe/Madrid
LETE,Europe/Madrid
LETF,Europe/Madrid
LETI,Europe/Madrid
LETL,Europe/Madrid
LETO,Europe/Madrid
LETP,Europe/Madrid
LETZ,Europe/Madrid
LEVB,Europe/Madrid
LEVC,Europe/Madrid
LEVD,Europe/Madrid
LEVE,Europe/Madrid
LEVF,Europe/Madrid
LEVT,Europe/Madrid
LEVX,Europe/Madrid
LEXJ,Europe/Madrid
LEZG,Europe/Madrid
LEZL,Europe/Madrid
LF50,Europe/Paris
LF51,Europe/Paris
LFAB,Europe/Paris
LFAC,Europe/Paris
LFAD,Europe/Paris
LFAE,Europe/Paris
LFAF,Europe/Paris
LFAG,Europe/Paris
LFAI,Europe/Paris
LFAJ,Europe/Paris
LFAK,Europe/Paris
LFAL,Europe/Paris
LFAM,Europe/Paris
LFAO,Europe/Paris
LFAP,Europe/Paris
LFAQ,Europe/Paris
LFAR,Europe/Paris
LFAS,Europe/Paris
LFAT,Europe/Paris
LFAU,Europe/Paris
LFAV,Europe/Paris
LFAW,Europe/Paris
LFAX,Europe/Paris
LFAY,Europe/Paris
LFBA,Europe/Paris
LFBC,Europe/Paris
LFBD,Europe/Paris
LFBE,Europe/Paris
LFBF,Europe/Paris
LFBG,Europe/Paris
LFBH,Europe/Paris
LFBI,Europe/Paris
LFBJ,Europe/Paris
LFBK,Europe/Paris
LFBL,Europe/Paris
LFBM,Europe/Paris
LFBN,Europe/Paris
LFBO,Europe/Paris
LFBP,Europe/Paris
LFBR,Europe/Paris
LFBS,Europe/Paris
LFBT,Europe/Paris
LFBU,Europe/Paris
LFBX,Europe/Paris
LFBY,Europe/Paris
LFBZ,Europe/Paris
LFCA,Europe/Paris
LFCB,Europe/Paris
LFCC,Europe/Paris
LFCD,Europe/Paris
LFCE,Europe/Paris
LFCF,Europe/Paris
LFCG,Europe/Paris
LFCH,Europe/Paris
LFCI,Europe/Paris
LFCJ,Europe/Paris
LFCK,Europe/Paris
LFCL,Europe/Paris
LFCM,Europe/Paris
LFCN,Europe/Paris
LFCO,Europe/Paris
LFCP,Europe/Paris
LFCQ,Europe/Paris
LFCR,Europe/Paris
LFCS,Europe/Paris
LFCT,Europe/Paris
LFCU,Europe/Paris
LFCV,Europe/Paris
LFCW,Europe/Paris
LFCX,Europe/Paris
LFCY,Europe/Paris
LFCZ,Europe/Paris
LFDA,Europe/Paris
LFDB,Europe/Paris
LFDC,Europe/Paris
LFDE,Europe/Paris
LFDF,Europe/Paris
LFDG,Europe/Paris
LFDH,Europe/Paris
LFDI,Europe/Paris
LFDJ,Europe/Paris
LFDK,Europe/Paris
LFDL,Europe/Paris
LFDM,Europe/Paris
LFDN,Europe/Paris
LFDP,Europe/Paris
LFDQ,Europe/Paris
LFDR,Europe/Paris
LFDS,Europe/Paris
LFDT,Europe/Paris
LFDU,Europe/Paris
LFDV,Europe/Paris
LFDW,Europe/Paris
LFDX,Europe/Paris
LFDY,Europe/Paris
LFEA,Europe/Paris
LFEB,Europe/Paris
LFEC,Europe/Paris
LFED,Europe/Paris
LFEF,Europe/Paris
LFEG,Europe/Paris
LFEH,Europe/Paris
LFEI,Europe/Paris
LFEJ,Europe/Paris
LFEK,Europe/Paris
LFEL,Europe/Paris
LFEM,Europe/Paris
LFEN,Europe/Paris
LFEP,Europe/Paris
LFEQ,Europe/Paris
LFER,Europe/Paris
LFES,Europe/Paris
LFET,Europe/Paris
LFEU,Europe/Paris
LFEV,Europe/Paris
LFEW,Europe/Paris
LFEX,Europe/Paris
LFEY,Europe/Paris
LFEZ,Europe/Paris
LFFB,Europe/Paris
LFFC,Europe/Paris
LFFD,Europe/Paris
LFFE,Europe/Paris
LFFG,Europe/Paris
LFFH,Europe/Paris
LFFI,Europe/Paris
LFFJ,Europe/Paris
LFFK,Europe/Paris
LFFL,Europe/Paris
LFFN,Europe/Paris
LFFO,Europe/Paris
LFFP,Europe/Paris
LFFQ,Europe/Paris
LFFR,Europe/Paris
LFFT,Europe/Paris
LFFU,Europe/Paris
LFFV,Europe/Paris
LFFW,Europe/Paris
LFFX,Europe/Paris
LFFY,Europe/Paris
LFFZ,Europe/Paris
LFGA,Europe/Paris
LFGB,Europe/Paris
LFGC,Europe/Paris
LFGE,Europe/Paris
LFGF,Europe/Paris
LFGG,Europe/Paris
LFGH,Europe/Paris
LFGI,Europe/Paris
LFGJ,Europe/Paris
LFGK,Europe/Paris
LFGL,Europe/Paris
LFGM,Europe/Paris
LFGN,Europe/Paris
LFGO,Europe/Paris
LFGP,Europe/Paris
LFGQ,Europe/Paris
LFGR,Europe/Paris
LFGS,Europe/Paris
LFGT,Europe/Paris
LFGU,Europe/Paris
LFGW,Europe/Paris
LFGX,Europe/Paris
LFGY,Europe/Paris
LFGZ,Europe/Paris
LFHA,Europe/Paris
LFHC,Europe/Paris
LFHD,Europe/Paris
LFHE,Europe/Paris
LFHF,Europe/Paris
LFHG,Europe/Paris
LFHH,Europe/Paris
LFHI,Europe/Paris
LFHJ,Europe/Paris
LFHL,Europe/Paris
LFHM,Europe/Paris
LFHN,Europe/Paris
LFHO,Europe/Paris
LFHP,Europe/Paris
LFHQ,Europe/Paris
LFHR,Europe/Paris
LFHS,Europe/Paris
LFHT,Europe/Paris
LFHU,Europe/Paris
LFHV,Europe/Paris
LFHW,Europe/Paris
LFHX,Europe/Paris
LFHY,Europe/Paris
LFIB,Europe/Paris
LFID,Europe/Paris
LFIF,Europe/Paris
LFIG,Europe/Paris
LFIH,Europe/Paris
LFIK,Europe/Paris
LFIL,Europe/Paris
LFIM,Europe/Paris
LFIP,Europe/Paris
LFIR,Europe/Paris
LFIS,Europe/Paris
LFIT,Europe/Paris
LFIV,Europe/Paris
LFIX,Europe/Paris
LFIY,Europe/Paris
LFJA,Europe/Paris
LFJB,Europe/Paris
LFJC,Europe/Paris
LFJD,Europe/Paris
LFJE,Europe/Paris
LFJF,Europe/Paris
LFJH,Europe/Paris
LFJI,Europe/Paris
LFJL,Europe/Paris
LFJR,Europe/Paris
LFJS,Europe/Paris
LFJT,Europe/Paris
LFJU,Europe/Paris
LFJV,Europe/Paris
LFJY,Europe/Paris
LFKA,Europe/Paris
LFKB,Europe/Paris
LFKC,Europe/Paris
LFKD,Europe/Paris
LFKE,Europe/Paris
LFKF,Europe/Paris
LFKG,Europe/Paris
LFKH,Europe/Paris
LFKJ,Europe/Paris
LFKL,Europe/Paris
LFKM,Europe/Paris
LFKO,Europe/Paris
LFKP,Europe/Paris
LFKS,Europe/Paris
LFKT,Europe/Paris
LFKX,Europe/Paris
LFKY,Europe/Paris
LFLA,Europe/Paris
LFLB,Europe/Paris
LFLC,Europe/Paris
LFLD,Europe/Paris
LFLE,Europe/Paris
LFLG,Europe/Paris
LFLH,Europe/Paris
LFLI,Europe/Paris
LFLJ,Europe/Paris
LFLL,Europe/Paris
LFLM,Europe/Paris
LFLN,Europe/Paris
LFLO,Europe/Paris
LFLP,Europe/Paris
LFLQ,Europe/Paris
LFLR,Europe/Paris
LFLS,Europe/Paris
LFLT,Europe/Paris
LFLU,Europe/Paris
LFLV,Europe/Paris
LFLW,Europe/Paris
LFLX,Europe/Paris
LFLY,Europe/Paris
LFLZ,Europe/Paris
LFMA,Europe/Paris
LFMC,Europe/Paris
LFMD,Europe/Paris
LFME,Europe/Paris
LFMF,Europe/Paris
LFMG,Europe/Paris
LFMH,Europe/Paris
LFMI,Europe/Paris
LFMK,Europe/Paris
LFML,Europe/Paris
LFMN,Europe/Paris
LFMO,Europe/Paris
LFMP,Europe/Paris
LFMQ,Europe/Paris
LFMR,Europe/Paris
LFMS,Europe/Paris
LFMT,Europe/Paris
LFMU,Europe/Paris
LFMV,Europe/Paris
LFMW,Europe/Paris
LFMX,Europe/Paris
LFMY,Europe/Paris
LFMZ,Europe/Paris
LFNA,Europe/Paris
LFNB,Europe/Paris
LFNC,Europe/Paris
LFNE,Europe/Paris
LFNF,Europe/Paris
LFNG,Europe/Paris
LFNH,Europe/Paris
LFNJ,Europe/Paris
LFNL,Europe/Paris
LFNO,Europe/Paris
LFNQ,Europe/Paris
LFNR,Europe/Paris
LFNS,Europe/Paris
LFNT,Europe/Paris
LFNU,Europe/Paris
LFNV,Europe/Paris
LFNW,Europe/Paris
LFNX,Europe/Paris
LFNZ,Europe/Paris
LFOA,Europe/Paris
LFOB,Europe/Paris
LFOC,Europe/Paris
LFOD,Europe/Paris
LFOE,Europe/Paris
LFOF,Europe/Paris
LFOG,Europe/Paris
LFOH,Europe/Paris
LFOI,Europe/Paris
LFOJ,Europe/Paris
LFOK,Europe/Paris
LFOL,Europe/Paris
LFOM,Europe/Paris
LFON,Europe/Paris
LFOO,Europe/Paris
LFOP,Europe/Paris
LFOQ,Europe/Paris
LFOR,Europe/Paris
LFOS,Europe/Paris
LFOT,Europe/Paris
LFOU,Europe/Paris
LFOV,Europe/Paris
LFOW,Europe/Paris
LFOX,Europe/Paris
LFOY,Europe/Paris
LFOZ,Europe/Paris
LFPA,Europe/Paris
LFPB,Europe/Paris
LFPC,Europe/Paris
LFPD,Europe/Paris
LFPE,Europe/Paris
LFPF,Europe/Paris
LFPG,Europe/Paris
LFPH,Europe/Paris
LFPK,Europe/Paris
LFPL,Europe/Paris
LFPM,Europe/Paris
LFPN,Europe/Paris
LFPO,Europe/Paris
LFPP,Europe/Paris
LFPQ,Europe/Paris
LFPT,Europe/Paris
LFPU,Europe/Paris
LFPV,Europe/Paris
LFPX,Europe/Paris
LFPZ,Europe/Paris
LFQA,Europe/Paris
LFQB,Europe/Paris
LFQC,Europe/Paris
LFQD,Europe/Paris
LFQE,Europe/Paris
LFQF,Europe/Paris
LFQG,Europe/Paris
LFQH,Europe/Paris
LFQJ,Europe/Paris
LFQK,Europe/Paris
LFQL,Europe/Paris
LFQM,Europe/Paris
LFQN,Europe/Paris
LFQO,Europe/Paris
LFQP,Europe/Paris
LFQQ,Europe/Paris
LFQS,Europe/Paris
LFQT,Europe/Paris
LFQU,Europe/Paris
LFQV,Europe/Paris
LFQW,Europe/Paris
LFQX,Europe/Paris
LFQY,Europe/Paris
LFQZ,Europe/Paris
LFRB,Europe/Paris
LFRC,Europe/Paris
LFRD,Europe/Paris
LFRE,Europe/Paris
LFRF,Europe/Paris
LFRG,Europe/Paris
LFRH,Europe/Paris
LFRI,Europe/Paris
LFRJ,Europe/Paris
LFRK,Europe/Paris
LFRL,Europe/Paris
LFRM,Europe/Paris
LFRN,Europe/Paris
LFRO,Europe/Paris
LFRP,Europe/Paris
LFRQ,Europe/Paris
LFRS,Europe/Paris
LFRT,Europe/Paris
LFRU,Europe/Paris
LFRV,Europe/Paris
LFRW,Europe/Paris
LFRZ,Europe/Paris
LFSA,Europe/Paris
LFSB,Europe/Paris
LFSD,Europe/Paris
LFSE,Europe/Paris
LFSG,Europe/Paris
LFSH,Europe/Paris
LFSI,Europe/Paris
LFSJ,Europe/Paris
LFSK,Europe/Paris
LFSL,Europe/Paris
LFSM,Europe/Paris
LFSN,Europe/Paris
LFSO,Europe/Paris
LFSP,Europe/Paris
LFSS,Europe/Paris
LFST,Europe/Paris
LFSU,Europe/Paris
LFSV,Europe/Paris
LFSW,Europe/Paris
LFSX,Europe/Paris
LFSY,Europe/Paris
LFTF,Europe/Paris
LFTH,Europe/Paris
LFTM,Europe/Paris
LFTN,Europe/Paris
LFTP,Europe/Paris
LFTQ,Europe/Paris
LFTW,Europe/Paris
LFTZ,Europe/Paris
LFVM,America/Miquelon
LFVP,America/Miquelon
LFXA,Europe/Paris
LFXB,Europe/Paris
LFXQ,Europe/Paris
LFXU,Europe/Paris
LFYG,Europe/Paris
LFYR,Europe/Paris
LFYS,Europe/Paris
LFYV,Europe/Paris
LG54,Europe/Athens
LG55,Europe/Athens
LG56,Europe/Athens
LGAD,Europe/Athens
LGAL,Europe/Athens
LGAV,Europe/Athens
LGAX,Europe/Athens
LGBL,Europe/Athens
LGEL,Europe/Athens
LGEP,Europe/Athens
LGHI,Europe/Athens
LGIK,Europe/Athens
LGIO,Europe/Athens
LGIR,Europe/Athens
LGKA,Europe/Athens
LGKC,Europe/Athens
LGKF,Europe/Athens
LGKL,Europe/Athens
LGKM,Europe/Athens
LGKP,Europe/Athens
LGKS,Europe/Athens
LGKV,Europe/Athens
LGKY,Europe/Athens
LGKZ,Europe/Athens
LGLE,Europe/Athens
LGLM,Europe/Athens
LGLR,Europe/Athens
LGMG,Europe/Athens
LGMK,Europe/Athens
LGML,Europe/Athens
LGMT,Europe/Athens
LGNX,Europe/Athens
LGPA,Europe/Athens
LGPL,Europe/Athens
LGPZ,Europe/Athens
LGRD,Europe/Athens
LGRX,Europe/Athens
LGSD,Europe/Athens
LGSK,Europe/Athens
LGSM,Europe/Athens
LGSO,Europe/Athens
LGSP,Europe/Athens
LGSR,Europe/Athens
LGST,Europe/Athens
LGSY,Europe/Athens
LGTG,Europe/Athens
LGTP,Europe/Athens
LGTS,Europe/Athens
LGTT,Europe/Athens
LGZA,Europe/Athens
LHBC,Europe/Budapest
LHBF,Europe/Budapest
LHBI,Europe/Budapest
LHBO,Europe/Budapest
LHBP,Europe/Budapest
LHBS,Europe/Budapest
LHCL,Europe/Budapest
LHDC,Europe/Budapest
LHDK,Europe/Budapest
LHDV,Europe/Budapest
LHEM,Europe/Budapest
LHER,Europe/Budapest
LHFC,Europe/Budapest
LHFH,Europe/Budapest
LHFM,Europe/Budapest
LHFP,Europe/Budapest
LHGD,Europe/Budapest
LHGR,Europe/Budapest
LHGY,Europe/Budapest
LHHH,Europe/Budapest
LHHO,Europe/Budapest
LHJK,Europe/Budapest
LHKD,Europe/Budapest
LHKE,Europe/Budapest
LHKH,Europe/Budapest
LHKI,Europe/Budapest
LHKK,Europe/Budapest
LHKT,Europe/Budapest
LHKV,Europe/Budapest
LHLI,Europe/Budapest
LHMR,Europe/Budapest
LHNK,Europe/Budapest
LHNS,Europe/Budapest
LHNY,Europe/Budapest
LHOY,Europe/Budapest
LHPA,Europe/Budapest
LHPP,Europe/Budapest
LHPR,Europe/Budapest
LHSA,Europe/Budapest
LHSB,Europe/Budapest
LHSI,Europe/Budapest
LHSK,Europe/Budapest
LHSM,Europe/Budapest
LHSN,Europe/Budapest
LHSS,Europe/Budapest
LHSU,Europe/Budapest
LHSY,Europe/Budapest
LHSZ,Europe/Budapest
LHTA,Europe/Budapest
LHTL,Europe/Budapest
LHTM,Europe/Budapest
LHUD,Europe/Budapest
LHUH,Europe/Budapest
LHVE,Europe/Budapest
LHZA,Europe/Budapest
LHZK,Europe/Budapest
LIAA,Europe/Rome
LIAF,Europe/Rome
LIAL,Europe/Rome
LIAP,Europe/Rome
LIAQ,Europe/Rome
LIAR,Europe/Rome
LIAT,Europe/Rome
LIAU,Europe/Rome
LIBA,Europe/Rome
LIBC,Europe/Rome
LIBD,Europe/Rome
LIBF,Europe/Rome
LIBG,Europe/Rome
LIBN,Europe/Rome
LIBP,Europe/Rome
LIBR,Europe/Rome
LIBV,Europe/Rome
LICA,Europe/Rome
LICB,Europe/Rome
LICC,Europe/Rome
LICD,Europe/Rome
LICG,Europe/Rome
LICJ,Europe/Rome
LICP,Europe/Rome
LICR,Europe/Rome
LICT,Europe/Rome
LICZ,Europe/Rome
LIDA,Europe/Rome
LIDB,Europe/Rome
LIDC,Europe/Rome
LIDE,Europe/Rome
LIDF,Europe/Rome
LIDG,Europe/Rome
LIDH,Europe/Rome
LIDL,Europe/Rome
LIDP,Europe/Rome
LIDR,Europe/Rome
LIDT,Europe/Rome
LIDU,Europe/Rome
LIDV,Europe/Rome
LIDW,Europe/Rome
LIEA,Europe/Rome
LIED,Europe/Rome
LIEE,Europe/Rome
LIEO,Europe/Rome
LIER,Europe/Rome
LIET,Europe/Rome
LIGT,Europe/Rome
LIKD,Europe/San_Marino
LILA,Europe/Rome
LILB,Europe/Rome
LILC,Europe/Rome
LILE,Europe/Rome
LILG,Europe/Rome
LILH,Europe/Rome
LILI,Europe/Rome
LILM,Europe/Rome
LILN,Europe/Rome
LILO,Europe/Rome
LILQ,Europe/Rome
LILR,Europe/Rome
LILV,Europe/Rome
LIMA,Europe/Rome
LIMB,Europe/Rome
LIMC,Europe/Rome
LIME,Europe/Rome
LIMF,Europe/Rome
LIMG,Europe/Rome
LIMJ,Europe/Rome
LIML,Europe/Rome
LIMN,Europe/Rome
LIMP,Europe/Rome
LIMR,Europe/Rome
LIMS,Europe/Rome
LIMW,Europe/Rome
LIMZ,Europe/Rome
LINF,Europe/Rome
LINL,Europe/Rome
LIPA,Europe/Rome
LIPB,Europe/Rome
LIPC,Europe/Rome
LIPD,Europe/Rome
LIPE,Europe/Rome
LIPF,Europe/Rome
LIPG,Europe/Rome
LIPH,Europe/Rome
LIPI,Europe/Rome
LIPK,Europe/Rome
LIPL,Europe/Rome
LIPM,Europe/Rome
LIPN,Europe/Rome
LIPO,Europe/Rome
LIPQ,Europe/Rome
LIPR,Europe/Rome
LIPS,Europe/Rome
LIPU,Europe/Rome
LIPV,Europe/Rome
LIPX,Europe/Rome
LIPY,Europe/Rome
LIPZ,Europe/Rome
LIQB,Europe/Rome
LIQG,Europe/Rome
LIQL,Europe/Rome
LIQN,Europe/Rome
LIQS,Europe/Rome
LIQW,Europe/Rome
LIRA,Europe/Rome
LIRE,Europe/Rome
LIRF,Europe/Rome
LIRG,Europe/Rome
LIRH,Europe/Rome
LIRI,Europe/Rome
LIRJ,Europe/Rome
LIRL,Europe/Rome
LIRM,Europe/Rome
LIRN,Europe/Rome
LIRP,Europe/Rome
LIRQ,Europe/Rome
LIRS,Europe/Rome
LIRU,Europe/Rome
LIRV,Europe/Rome
LIRZ,Europe/Rome
LIVD,Europe/Rome
LIVV,Europe/Rome
LJAJ,Europe/Ljubljana
LJBL,Europe/Ljubljana
LJBO,Europe/Ljubljana
LJCE,Europe/Ljubljana
LJCL,Europe/Ljubljana
LJDI,Europe/Ljubljana
LJLJ,Europe/Ljubljana
LJMB,Europe/Ljubljana
LJMS,Europe/Ljubljana
LJNM,Europe/Ljubljana
LJPO,Europe/Ljubljana
LJPT,Europe/Ljubljana
LJPZ,Europe/Ljubljana
LJSG,Europe/Ljubljana
LJSK,Europe/Ljubljana
LJVE,Europe/Ljubljana
LKBA,Europe/Prague
LKBE,Europe/Prague
LKBO,Europe/Prague
LKBR,Europe/Prague
LKBU,Europe/Prague
LKCB,Europe/Prague
LKCE,Europe/Prague
LKCH,Europe/Prague
LKCM,Europe/Prague
LKCR,Europe/Prague
LKCS,Europe/Prague
LKCT,Europe/Prague
LKCV,Europe/Prague
LKDK,Europe/Prague
LKER,Europe/Prague
LKFR,Europe/Prague
LKHB,Europe/Prague
LKHC,Europe/Prague
LKHD,Europe/Prague
LKHK,Europe/Prague
LKHN,Europe/Prague
LKHS,Europe/Prague
LKHV,Europe/Prague
LKJA,Europe/Prague
LKJC,Europe/Prague
LKJH,Europe/Prague
LKJI,Europe/Prague
LKKA,Europe/Prague
LKKB,Europe/Prague
LKKC,Europe/Prague
LKKL,Europe/Prague
LKKM,Europe/Prague
LKKO,Europe/Prague
LKKR,Europe/Prague
LKKT,Europe/Prague
LKKU,Europe/Prague
LKKV,Europe/Prague
LKKY,Europe/Prague
LKLB,Europe/Prague
LKLN,Europe/Prague
LKLT,Europe/Prague
LKMB,Europe/Prague
LKMH,Europe/Prague
LKMI,Europe/Prague
LKMK,Europe/Prague
LKMO,Europe/Prague
LKMT,Europe/Prague
LKNA,Europe/Prague
LKNM,Europe/Prague
LKNY,Europe/Prague
LKOL,Europe/Prague
LKOT,Europe/Prague
LKPA,Europe/Prague
LKPC,Europe/Prague
LKPD,Europe/Prague
LKPI,Europe/Prague
LKPJ,Europe/Prague
LKPL,Europe/Prague
LKPM,Europe/Prague
LKPN,Europe/Prague
LKPO,Europe/Prague
LKPR,Europe/Prague
LKPS,Europe/Prague
LKRA,Europe/Prague
LKRK,Europe/Prague
LKRO,Europe/Prague
LKRY,Europe/Prague
LKSA,Europe/Prague
LKSB,Europe/Prague
LKSK,Europe/Prague
LKSN,Europe/Prague
LKSO,Europe/Prague
LKSR,Europe/Prague
LKST,Europe/Prague
LKSU,Europe/Prague
LKSZ,Europe/Prague
LKTA,Europe/Prague
LKTB,Europe/Prague
LKTC,Europe/Prague
LKTD,Europe/Prague
LKTO,Europe/Prague
LKUL,Europe/Prague
LKUO,Europe/Prague
LKVL,Europe/Prague
LKVM,Europe/Prague
LKVO,Europe/Prague
LKVP,Europe/Prague
LKVR,Europe/Prague
LKVY,Europe/Prague
LKZA,Europe/Prague
LKZB,Europe/Prague
LKZD,Europe/Prague
LKZM,Europe/Prague
LKZN,Europe/Prague
LMML,Europe/Malta
LOAA,Europe/Vienna
LOAB,Europe/Vienna
LOAD,Europe/Vienna
LOAG,Europe/Vienna
LOAN,Europe/Vienna
LOAR,Europe/Vienna
LOAS,Europe/Vienna
LOAU,Europe/Vienna
LOAV,Europe/Vienna
LOGF,Europe/Vienna
LOGG,Europe/Vienna
LOGI,Europe/Vienna
LOGK,Europe/Vienna
LOGL,Europe/Vienna
LOGM,Europe/Vienna
LOGO,Europe/Vienna
LOGP,Europe/Vienna
LOGT,Europe/Vienna
LOGW,Europe/Vienna
LOIH,Europe/Vienna
LOIJ,Europe/Vienna
LOIK,Europe/Vienna
LOIR,Europe/Vienna
LOKF,Europe/Vienna
LOKG,Europe/Vienna
LOKH,Europe/Vienna
LOKL,Europe/Vienna
LOKM,Europe/Vienna
LOKN,Europe/Vienna
LOKR,Europe/Vienna
LOKW,Europe/Vienna
LOLC,Europe/Vienna
LOLE,Europe/Vienna
LOLF,Europe/Vienna
LOLG,Europe/Vienna
LOLH,Europe/Vienna
LOLK,Europe/Vienna
LOLM,Europe/Vienna
LOLO,Europe/Vienna
LOLS,Europe/Vienna
LOLT,Europe/Vienna
LOLU,Europe/Vienna
LOLW,Europe/Vienna
LOSM,Europe/Vienna
LOWG,Europe/Vienna
LOWI,Europe/Vienna
LOWK,Europe/Vienna
LOWL,Europe/Vienna
LOWS,Europe/Vienna
LOWW,Europe/Vienna
LOWZ,Europe/Vienna
LOXA,Europe/Vienna
LOXN,Europe/Vienna
LOXT,Europe/Vienna
LOXZ,Europe/Vienna
LP77,Europe/Lisbon
LPAR,Europe/Lisbon
LPAV,Europe/Lisbon
LPAZ,Atlantic/Azores
LPBG,Europe/Lisbon
LPBJ,Europe/Lisbon
LPBR,Europe/Lisbon
LPCB,Europe/Lisbon
LPCH,Europe/Lisbon
LPCO,Europe/Lisbon
LPCR,Atlantic/Azores
LPCS,Europe/Lisbon
LPEV,Europe/Lisbon
LPFL,Atlantic/Azores
LPFR,Europe/Lisbon
LPGR,Atlantic/Azores
LPHR,Atlantic/Azores
LPIN,Europe/Lisbon
LPJF,Europe/Lisbon
LPLA,Atlantic/Azores
LPLZ,Europe/Lisbon
LPMA,Atlantic/Madeira
LPMF,Europe/Lisbon
LPMI,Europe/Lisbon
LPMO,Europe/Lisbon
LPMR,Europe/Lisbon
LPMT,Europe/Lisbon
LPMU,Europe/Lisbon
LPOV,Europe/Lisbon
LPPD,Atlantic/Azores
LPPI,Atlantic/Azores
LPPM,Europe/Lisbon
LPPR,Europe/Lisbon
LPPS,Atlantic/Madeira
LPPT,Europe/Lisbon
LPSC,Europe/Lisbon
LPSJ,Atlantic/Azores
LPSO,Europe/Lisbon
LPSR,Europe/Lisbon
LPST,Europe/Lisbon
LPTN,Europe/Lisbon
LPVL,Europe/Lisbon
LPVR,Europe/Lisbon
LPVZ,Europe/Lisbon
LQBI,Europe/Sarajevo
LQBK,Europe/Sarajevo
LQJL,Europe/Sarajevo
LQLV,Europe/Sarajevo
LQMO,Europe/Sarajevo
LQMP,Europe/Sarajevo
LQNI,Europe/Sarajevo
LQPD,Europe/Sarajevo
LQPP,Europe/Sarajevo
LQSA,Europe/Sarajevo
LQTZ,Europe/Sarajevo
LQVI,Europe/Sarajevo
LR79,Europe/Bucharest
LR80,Europe/Bucharest
LR82,Europe/Bucharest
LRAR,Europe/Bucharest
LRBC,Europe/Bucharest
LRBM,Europe/Bucharest
LRBN,Europe/Bucharest
LRBS,Europe/Bucharest
LRBV,Europe/Bucharest
LRCD,Europe/Bucharest
LRCK,Europe/Bucharest
LRCL,Europe/Bucharest
LRCN,Europe/Bucharest
LRCS,Europe/Bucharest
LRCT,Europe/Bucharest
LRCV,Europe/Bucharest
LRFL,Europe/Bucharest
LRIA,Europe/Bucharest
LROD,Europe/Bucharest
LROP,Europe/Bucharest
LRPH,Europe/Bucharest
LRPT,Europe/Bucharest
LRPV,Europe/Bucharest
LRSB,Europe/Bucharest
LRSM,Europe/Bucharest
LRSV,Europe/Bucharest
LRTC,Europe/Bucharest
LRTM,Europe/Bucharest
LRTR,Europe/Bucharest
LRTZ,Europe/Bucharest
LSGB,Europe/Zurich
LSGC,Europe/Zurich
LSGE,Europe/Zurich
LSGG,Europe/Zurich
LSGK,Europe/Zurich
LSGL,Europe/Zurich
LSGN,Europe/Zurich
LSGP,Europe/Zurich
LSGR,Europe/Zurich
LSGS,Europe/Zurich
LSGT,Europe/Zurich
LSGY,Europe/Zurich
LSKV,Europe/Bratislava
LSMA,Europe/Zurich
LSMD,Europe/Zurich
LSME,Europe/Zurich
LSML,Europe/Zurich
LSMM,Europe/Zurich
LSMP,Europe/Zurich
LSPA,Europe/Zurich
LSPD,Europe/Zurich
LSPF,Europe/Zurich
LSPG,Europe/Zurich
LSPH,Europe/Zurich
LSPL,Europe/Zurich
LSPM,Europe/Zurich
LSPN,Europe/Zurich
LSPO,Europe/Zurich
LSPU,Europe/Zurich
LSPV,Europe/Zurich
LSTA,Europe/Zurich
LSTB,Europe/Zurich
LSTO,Europe/Zurich
LSTR,Europe/Zurich
LSTS,Europe/Zurich
LSTZ,Europe/Zurich
LSVD,Europe/Zurich
LSVP,Europe/Zurich
LSVV,Europe/Zurich
LSYI,Europe/Zurich
LSYK,Europe/Zurich
LSYR,Europe/Zurich
LSYX,Europe/Zurich
LSZA,Europe/Zurich
LSZB,Europe/Zurich
LSZC,Europe/Zurich
LSZE,Europe/Zurich
LSZF,Europe/Zurich
LSZG,Europe/Zurich
LSZH,Europe/Zurich
LSZI,Europe/Zurich
LSZJ,Europe/Zurich
LSZK,Europe/Zurich
LSZL,Europe/Zurich
LSZM,Europe/Zurich
LSZN,Europe/Zurich
LSZO,Europe/Zurich
LSZP,Europe/Zurich
LSZQ,Europe/Zurich
LSZR,Europe/Zurich
LSZS,Europe/Zurich
LSZT,Europe/Zurich
LSZU,Europe/Zurich
LSZV,Europe/Zurich
LSZW,Europe/Zurich
LSZX,Europe/Zurich
LTBA,Europe/Istanbul
LTBU,Europe/Istanbul
LTBW,Europe/Istanbul
LTFM,Europe/Istanbul
LUBL,Europe/Chisinau
LUBM,Europe/Chisinau
LUCH,Europe/Chisinau
LUKK,Europe/Chisinau
LUTR,Europe/Chisinau
LW66,Europe/Skopje
LW67,Europe/Skopje
LW70,Europe/Skopje
LW71,Europe/Skopje
LW73,Europe/Skopje
LW74,Europe/Skopje
LW75,Europe/Skopje
LWOH,Europe/Skopje
LWSK,Europe/Skopje
LWST,Europe/Skopje
LXGB,Europe/Gibraltar
LY87,Europe/Belgrade
LY89,Europe/Belgrade
LYBE,Europe/Belgrade
LYBJ,Europe/Belgrade
LYBR,Europe/Podgorica
LYBT,Europe/Belgrade
LYCA,Europe/Belgrade
LYJA,Europe/Belgrade
LYKA,Europe/Belgrade
LYKI,Europe/Belgrade
LYKS,Europe/Belgrade
LYKT,Europe/Belgrade
LYKV,Europe/Belgrade
LYLE,Europe/Belgrade
LYNI,Europe/Belgrade
LYNK,Europe/Podgorica
LYNS,Europe/Belgrade
LYPA,Europe/Belgrade
LYPG,Europe/Podgorica
LYPN,Europe/Belgrade
LYPO,Europe/Podgorica
LYSM,Europe/Belgrade
LYSP,Europe/Belgrade
LYSU,Europe/Belgrade
LYTR,Europe/Belgrade
LYTV,Europe/Podgorica
LYUZ,Europe/Belgrade
LYVA,Europe/Belgrade
LYVR,Europe/Belgrade
LYZR,Europe/Belgrade
LZBD,Europe/Bratislava
LZDB,Europe/Bratislava
LZDV,Europe/Bratislava
LZHL,Europe/Bratislava
LZIB,Europe/Bratislava
LZJS,Europe/Bratislava
LZKC,Europe/Bratislava
LZKZ,Europe/Bratislava
LZLU,Europe/Bratislava
LZMA,Europe/Bratislava
LZMC,Europe/Bratislava
LZNI,Europe/Bratislava
LZNZ,Europe/Bratislava
LZOC,Europe/Bratislava
LZPE,Europe/Bratislava
LZPP,Europe/Bratislava
LZPT,Europe/Bratislava
LZPW,Europe/Bratislava
LZRU,Europe/Bratislava
LZRY,Europe/Bratislava
LZSE,Europe/Bratislava
LZSK,Europe/Bratislava
LZSL,Europe/Bratislava
LZSV,Europe/Bratislava
LZSY,Europe/Bratislava
LZTN,Europe/Bratislava
LZTR,Europe/Bratislava
LZTT,Europe/Bratislava
LZZI,Europe/Bratislava
MBAC,America/Grand_Turk
MBGT,America/Grand_Turk
MBMC,America/Grand_Turk
MBNC,America/Grand_Turk
MBPI,America/Grand_Turk
MBPV,America/Grand_Turk
MBSC,America/Grand_Turk
MBSY,America/Grand_Turk
MDAB,America/Santo_Domingo
MDAD,America/Santo_Domingo
MDAN,America/Santo_Domingo
MDBA,America/Santo_Domingo
MDBC,America/Santo_Domingo
MDBE,America/Santo_Domingo
MDBG,America/Santo_Domingo
MDBH,America/Santo_Domingo
MDBL,America/Santo_Domingo
MDBM,America/Santo_Domingo
MDCR,America/Santo_Domingo
MDCY,America/Santo_Domingo
MDCZ,America/Santo_Domingo
MDDJ,America/Santo_Domingo
MDER,America/Santo_Domingo
MDES,America/Santo_Domingo
MDHN,America/Santo_Domingo
MDJB,America/Santo_Domingo
MDLL,America/Santo_Domingo
MDLM,America/Santo_Domingo
MDLR,America/Santo_Domingo
MDMA,America/Santo_Domingo
MDMC,America/Santo_Domingo
MDPC,America/Santo_Domingo
MDPM,America/Santo_Domingo
MDPP,America/Santo_Domingo
MDSA,America/Santo_Domingo
MDSD,America/Santo_Domingo
MDSI,America/Santo_Domingo
MDSP,America/Santo_Domingo
MDST,America/Santo_Domingo
MDWO,America/Santo_Domingo
MECT,America/Costa_Rica
MG13,America/Guatemala
MGBN,America/Guatemala
MGCB,America/Guatemala
MGCR,America/Guatemala
MGCT,America/Guatemala
MGES,America/Guatemala
MGGT,America/Guatemala
MGHH,America/Guatemala
MGHT,America/Guatemala
MGJU,America/Guatemala
MGLL,America/Guatemala
MGML,America/Guatemala
MGPB,America/Guatemala
MGPG,America/Guatemala
MGPP,America/Guatemala
MGQC,America/Guatemala
MGQZ,America/Guatemala
MGRB,America/Guatemala
MGRD,America/Guatemala
MGRF,America/Guatemala
MGRT,America/Guatemala
MGSJ,America/Guatemala
MGSM,America/Guatemala
MGTK,America/Guatemala
MGZA,America/Guatemala
MHAC,America/Tegucigalpa
MHAG,America/Tegucigalpa
MHAH,America/Tegucigalpa
MHAL,America/Tegucigalpa
MHAN,America/Tegucigalpa
MHAP,America/Tegucigalpa
MHAR,America/Tegucigalpa
MHAU,America/Tegucigalpa
MHAY,America/Tegucigalpa
MHAZ,America/Tegucigalpa
MHBA,America/Tegucigalpa
MHBE,America/Tegucigalpa
MHBL,America/Tegucigalpa
MHCA,America/Tegucigalpa
MHCB,America/Tegucigalpa
MHCI,America/Tegucigalpa
MHCM,America/Tegucigalpa
MHCO,America/Tegucigalpa
MHCR,America/Tegucigalpa
MHCS,America/Tegucigalpa
MHCU,America/Tegucigalpa
MHDU,America/Tegucigalpa
MHEA,America/Tegucigalpa
MHEC,America/Tegucigalpa
MHEI,America/Tegucigalpa
MHEL,America/Tegucigalpa
MHEN,America/Tegucigalpa
MHEZ,America/Tegucigalpa
MHFA,America/Tegucigalpa
MHFC,America/Tegucigalpa
MHFN,America/Tegucigalpa
MHGA,America/Tegucigalpa
MHGB,America/Tegucigalpa
MHGC,America/Tegucigalpa
MHGE,America/Tegucigalpa
MHGR,America/Tegucigalpa
MHGS,America/Tegucigalpa
MHGY,America/Tegucigalpa
MHHE,America/Tegucigalpa
MHHG,America/Tegucigalpa
MHHO,America/Tegucigalpa
MHIC,America/Tegucigalpa
MHIN,America/Tegucigalpa
MHIR,America/Tegucigalpa
MHJE,America/Tegucigalpa
MHJI,America/Tegucigalpa
MHJO,America/Tegucigalpa
MHJQ,America/Tegucigalpa
MHJU,America/Tegucigalpa
MHLA,America/Tegucigalpa
MHLC,America/Tegucigalpa
MHLE,America/Tegucigalpa
MHLF,America/Tegucigalpa
MHLG,America/Tegucigalpa
MHLI,America/Tegucigalpa
MHLJ,America/Tegucigalpa
MHLM,America/Tegucigalpa
MHLN,America/Tegucigalpa
MHLP,America/Tegucigalpa
MHLS,America/Tegucigalpa
MHLT,America/Tegucigalpa
MHLU,America/Tegucigalpa
MHLZ,America/Tegucigalpa
MHML,America/Tegucigalpa
MHMN,America/Tegucigalpa
MHMO,America/Tegucigalpa
MHMP,America/Tegucigalpa
MHMS,America/Tegucigalpa
MHMT,America/Tegucigalpa
MHNB,America/Tegucigalpa
MHNC,America/Tegucigalpa
MHNJ,America/Tegucigalpa
MHNS,America/Tegucigalpa
MHNV,America/Tegucigalpa
MHOT,America/Tegucigalpa
MHPA,America/Tegucigalpa
MHPC,America/Tegucigalpa
MHPI,America/Tegucigalpa
MHPL,America/Tegucigalpa
MHPS,America/Tegucigalpa
MHPV,America/Tegucigalpa
MHRA,America/Tegucigalpa
MHRD,America/Tegucigalpa
MHRH,America/Tegucigalpa
MHRJ,America/Tegucigalpa
MHRO,America/Tegucigalpa
MHRR,America/Tegucigalpa
MHRU,America/Tegucigalpa
MHRY,America/Tegucigalpa
MHSC,America/Tegucigalpa
MHSI,America/Tegucigalpa
MHSJ,America/Tegucigalpa
MHSL,America/Tegucigalpa
MHSN,America/Tegucigalpa
MHSX,America/Tegucigalpa
MHTA,America/Tegucigalpa
MHTB,America/Tegucigalpa
MHTE,America/Tegucigalpa
MHTG,America/Tegucigalpa
MHTI,America/Tegucigalpa
MHTJ,America/Tegucigalpa
MHTO,America/Tegucigalpa
MHUC,America/Tegucigalpa
MHUH,America/Tegucigalpa
MHUL,America/Tegucigalpa
MHUT,America/Tegucigalpa
MHUY,America/Tegucigalpa
MHVE,America/Tegucigalpa
MHWA,America/Tegucigalpa
MHWD,America/Tegucigalpa
MHWP,America/Tegucigalpa
MHWR,America/Tegucigalpa
MHWS,America/Tegucigalpa
MHWW,America/Tegucigalpa
MHYR,America/Tegucigalpa
MHYX,America/Tegucigalpa
MHZA,America/Tegucigalpa
MKBS,America/Jamaica
MKJP,America/Jamaica
MKJS,America/Jamaica
MKKJ,America/Jamaica
MKNG,America/Jamaica
MKTP,America/Jamaica
MLLJ,America/Costa_Rica
MM10,America/Tijuana
MM11,America/Monterrey
MM12,America/Mazatlan
MM13,America/Chihuahua
MM16,America/Monterrey
MM17,America/Monterrey
MM20,America/Mexico_City
MM22,America/Monterrey
MM23,America/Tijuana
MM25,America/Mexico_City
MM29,America/Mexico_City
MM30,America/Mazatlan
MM31,America/Mexico_City
MM32,America/Hermosillo
MM35,America/Mexico_City
MM36,America/Monterrey
MM37,America/Monterrey
MM39,America/Mazatlan
MM41,America/Mexico_City
MM42,America/Monterrey
MM44,America/Monterrey
MM47,America/Mexico_City
MM48,America/Mexico_City
MM50,America/Mazatlan
MM51,America/Monterrey
MM52,America/Mazatlan
MM53,America/Monterrey
MM54,America/Monterrey
MM56,America/Monterrey
MM62,America/Mexico_City
MM63,America/Mexico_City
MM64,America/Monterrey
MM65,America/Hermosillo
MM66,America/Mexico_City
MM67,America/Mexico_City
MM68,America/Monterrey
MM69,America/Hermosillo
MM72,America/Merida
MM73,America/Mexico_City
MM74,America/Merida
MM75,America/Hermosillo
MM79,America/Mazatlan
MM80,America/Hermosillo
MM81,America/Mazatlan
MM82,America/Matamoros
MM84,America/Chihuahua
MMAA,America/Mexico_City
MMAL,America/Monterrey
MMAN,America/Monterrey
MMAS,America/Mexico_City
MMBT,America/Mexico_City
MMCA,America/Hermosillo
MMCB,America/Mexico_City
MMCC,America/Matamoros
MMCE,America/Merida
MMCG,America/Chihuahua
MMCH,America/Mexico_City
MMCL,America/Mazatlan
MMCM,America/Cancun
MMCN,America/Hermosillo
MMCO,America/Mexico_City
MMCP,America/Merida
MMCS,America/Ciudad_Juarez
MMCT,America/Merida
MMCU,America/Chihuahua
MMCV,America/Monterrey
MMCY,America/Mexico_City
MMCZ,America/Cancun
MMDA,America/Mazatlan
MMDM,America/Monterrey
MMDO,America/Monterrey
MMEP,America/Mazatlan
MMES,America/Tijuana
MMGD,America/Tijuana
MMGL,America/Mexico_City
MMGM,America/Hermosillo
MMGR,America/Tijuana
MMGT,America/Mexico_City
MMHC,America/Mexico_City
MMHO,America/Hermosillo
MMIA,America/Mexico_City
MMIM,America/Cancun
MMIO,America/Monterrey
MMIT,America/Mexico_City
MMJA,America/Mexico_City
MMJC,America/Mexico_City
MMLC,America/Mexico_City
MMLM,America/Mazatlan
MMLO,America/Mexico_City
MMLP,America/Mazatlan
MMLT,America/Mazatlan
MMMA,America/Matamoros
MMMD,America/Merida
MMMG,America/Mazatlan
MMML,America/Tijuana
MMMM,America/Mexico_City
MMMT,America/Mexico_City
MMMV,America/Monterrey
MMMX,America/Mexico_City
MMMY,America/Monterrey
MMMZ,America/Mazatlan
MMNG,America/Hermosillo
MMNL,America/Matamoros
MMOX,America/Mexico_City
MMPA,America/Mexico_City
MMPB,America/Mexico_City
MMPC,America/Mexico_City
MMPE,America/Hermosillo
MMPG,America/Matamoros
MMPL,America/Mazatlan
MMPN,America/Mexico_City
MMPP,America/Mazatlan
MMPQ,America/Mexico_City
MMPR,America/Mexico_City
MMPS,America/Mexico_City
MMQT,America/Mexico_City
MMRX,America/Matamoros
MMSD,America/Mazatlan
MMSF,America/Tijuana
MMSG,America/Chihuahua
MMSL,America/Mazatlan
MMSM,America/Mexico_City
MMSP,America/Mexico_City
MMSZ,America/Mexico_City
MMTA,America/Mexico_City
MMTB,America/Mexico_City
MMTC,America/Monterrey
MMTG,America/Mexico_City
MMTJ,America/Tijuana
MMTL,America/Cancun
MMTM,America/Monterrey
MMTN,America/Mexico_City
MMTO,America/Mexico_City
MMTP,America/Mexico_City
MMTU,America/Cancun
MMTX,America/Mexico_City
MMUN,America/Cancun
MMVA,America/Mexico_City
MMVR,America/Mexico_City
MMZC,America/Mexico_City
MMZH,America/Mexico_City
MMZM,America/Mexico_City
MMZO,America/Mexico_City
MMZP,America/Mexico_City
MNAL,America/Managua
MNAM,America/Managua
MNBC,America/Managua
MNBL,America/Managua
MNBR,America/Managua
MNBZ,America/Managua
MNCE,America/Managua
MNCH,America/Managua
MNCI,America/Managua
MNCT,America/Managua
MNDM,America/Managua
MNES,America/Managua
MNFC,America/Managua
MNHG,America/Managua
MNJG,America/Managua
MNKW,America/Managua
MNLN,America/Managua
MNLP,America/Managua
MNMG,America/Managua
MNMR,America/Managua
MNMT,America/Managua
MNPC,America/Managua
MNPP,America/Managua
MNRS,America/Managua
MNRT,America/Managua
MNSC,America/Managua
MNSI,America/Managua
MNSN,America/Managua
MNWP,America/Managua
MP01,America/Panama
MP02,America/Panama
MP03,America/Panama
MP17,America/Panama
MP18,America/Panama
MP21,America/Panama
MP22,America/Panama
MP23,America/Panama
MP24,America/Panama
MP26,America/Panama
MP27,America/Panama
MPAG,America/Panama
MPBO,America/Panama
MPCE,America/Panama
MPCH,America/Panama
MPDA,America/Panama
MPEJ,America/Panama
MPFE,America/Panama
MPFS,America/Panama
MPHO,America/Panama
MPJE,America/Panama
MPMC,America/Panama
MPMG,America/Panama
MPNU,America/Panama
MPOA,America/Panama
MPPD,America/Panama
MPPT,America/Panama
MPSA,America/Panama
MPSM,America/Panama
MPTO,America/Panama
MPVR,America/Panama
MPWN,America/Panama
MPZL,America/Panama
MRAD,America/Costa_Rica
MRAG,America/Costa_Rica
MRAJ,America/Costa_Rica
MRAL,America/Costa_Rica
MRAM,America/Costa_Rica
MRAN,America/Costa_Rica
MRAO,America/Costa_Rica
MRAR,America/Costa_Rica
MRAT,America/Costa_Rica
MRBA,America/Costa_Rica
MRBB,America/Costa_Rica
MRBC,America/Costa_Rica
MRBM,America/Costa_Rica
MRBN,America/Costa_Rica
MRBO,America/Costa_Rica
MRBP,America/Costa_Rica
MRBT,America/Costa_Rica
MRCA,America/Costa_Rica
MRCC,America/Costa_Rica
MRCD,America/Costa_Rica
MRCE,America/Costa_Rica
MRCH,America/Costa_Rica
MRCI,America/Costa_Rica
MRCJ,America/Costa_Rica
MRCL,America/Costa_Rica
MRCO,America/Costa_Rica
MRCR,America/Costa_Rica
MRCV,America/Costa_Rica
MRCZ,America/Costa_Rica
MRDC,America/Costa_Rica
MRDD,America/Costa_Rica
MRDK,America/Costa_Rica
MRDM,America/Costa_Rica
MRDO,America/Costa_Rica
MRDV,America/Costa_Rica
MREC,America/Costa_Rica
MRED,America/Costa_Rica
MREO,America/Costa_Rica
MRER,America/Costa_Rica
MRET,America/Costa_Rica
MRFC,America/Costa_Rica
MRFD,America/Costa_Rica
MRFI,America/Costa_Rica
MRFL,America/Costa_Rica
MRFP,America/Costa_Rica
MRFS,America/Costa_Rica
MRGA,America/Costa_Rica
MRGF,America/Costa_Rica
MRGP,America/Costa_Rica
MRGT,America/Costa_Rica
MRHG,America/Costa_Rica
MRHH,America/Costa_Rica
MRHO,America/Costa_Rica
MRHP,America/Costa_Rica
MRHS,America/Costa_Rica
MRIA,America/Costa_Rica
MRIS,America/Costa_Rica
MRJO,America/Costa_Rica
MRLA,America/Costa_Rica
MRLB,America/Costa_Rica
MRLC,America/Costa_Rica
MRLE,America/Costa_Rica
MRLF,America/Costa_Rica
MRLG,America/Costa_Rica
MRLI,America/Costa_Rica
MRLL,America/Costa_Rica
MRLM,America/Costa_Rica
MRLN,America/Costa_Rica
MRLP,America/Costa_Rica
MRLT,America/Costa_Rica
MRLV,America/Costa_Rica
MRLY,America/Costa_Rica
MRLZ,America/Costa_Rica
MRMA,America/Costa_Rica
MRMC,America/Costa_Rica
MRMJ,America/Costa_Rica
MRMR,America/Costa_Rica
MRNC,America/Costa_Rica
MRNI,America/Costa_Rica
MRNS,America/Costa_Rica
MROC,America/Costa_Rica
MRPA,America/Costa_Rica
MRPD,America/Costa_Rica
MRPJ,America/Costa_Rica
MRPK,America/Costa_Rica
MRPL,America/Costa_Rica
MRPM,America/Costa_Rica
MRPN,America/Costa_Rica
MRPO,America/Costa_Rica
MRPP,America/Costa_Rica
MRPR,America/Costa_Rica
MRPS,America/Costa_Rica
MRPT,America/Costa_Rica
MRPV,America/Costa_Rica
MRPY,America/Costa_Rica
MRQA,America/Costa_Rica
MRQN,America/Costa_Rica
MRQP,America/Costa_Rica
MRRF,America/Costa_Rica
MRRH,America/Costa_Rica
MRRN,America/Costa_Rica
MRRX,America/Costa_Rica
MRSA,America/Costa_Rica
MRSB,America/Costa_Rica
MRSC,America/Costa_Rica
MRSF,America/Costa_Rica
MRSG,America/Costa_Rica
MRSH,America/Costa_Rica
MRSI,America/Costa_Rica
MRSL,America/Costa_Rica
MRSM,America/Costa_Rica
MRSN,America/Costa_Rica
MRSO,America/Costa_Rica
MRSP,America/Costa_Rica
MRSQ,America/Costa_Rica
MRST,America/Costa_Rica
MRSV,America/Costa_Rica
MRSX,America/Costa_Rica
MRTB,America/Costa_Rica
MRTG,America/Costa_Rica
MRTL,America/Costa_Rica
MRTM,America/Costa_Rica
MRTR,America/Costa_Rica
MRTS,America/Costa_Rica
MRUP,America/Costa_Rica
MRYT,America/Costa_Rica
MRZP,America/Costa_Rica
MSAC,America/El_Salvador
MSBS,America/El_Salvador
MSCD,America/El_Salvador
MSCH,America/El_Salvador
MSCM,America/El_Salvador
MSCN,America/El_Salvador
MSCR,America/El_Salvador
MSES,America/El_Salvador
MSET,America/El_Salvador
MSJC,America/El_Salvador
MSLC,America/El_Salvador
MSLD,America/El_Salvador
MSLM,America/El_Salvador
MSLP,America/El_Salvador
MSPT,America/El_Salvador
MSRC,America/El_Salvador
MSSA,America/El_Salvador
MSSJ,America/El_Salvador
MSSM,America/El_Salvador
MSSN,America/El_Salvador
MSSS,America/El_Salvador
MSZT,America/El_Salvador
MTCA,America/Port-au-Prince
MTCH,America/Port-au-Prince
MTJA,America/Port-au-Prince
MTJE,America/Port-au-Prince
MTPP,America/Port-au-Prince
MTPX,America/Port-au-Prince
MUBA,America/Havana
MUBE,America/Havana
MUBO,America/Havana
MUBR,America/Havana
MUBY,America/Havana
MUCA,America/Havana
MUCC,America/Havana
MUCF,America/Havana
MUCL,America/Havana
MUCM,America/Havana
MUCO,America/Havana
MUCU,America/Havana
MUCY,America/Havana
MUFL,America/Havana
MUGM,America/New_York
MUGT,America/Havana
MUHA,America/Havana
MUHG,America/Havana
MUKW,America/Havana
MULB,America/Havana
MUMA,America/Havana
MUMG,America/Havana
MUMJ,America/Havana
MUMO,America/Havana
MUMZ,America/Havana
MUNB,America/Havana
MUNG,America/Havana
MUPA,America/Havana
MUPB,America/Havana
MUSA,America/Havana
MUSC,America/Havana
MUSG,America/Havana
MUSJ,America/Havana
MUSL,America/Havana
MUSN,America/Havana
MUSS,America/Havana
MUTD,America/Havana
MUTI,America/Havana
MUVR,America/Havana
MUVT,America/Havana
MWCB,America/Cayman
MWCL,America/Cayman
MWCR,America/Cayman
MYA0,America/Nassau
MYAB,America/Nassau
MYAF,America/Nassau
MYAK,America/Nassau
MYAM,America/Nassau
MYAN,America/Nassau
MYAP,America/Nassau
MYAS,America/Nassau
MYAT,America/Nassau
MYAW,America/Nassau
MYAX,America/Nassau
MYBC,America/Nassau
MYBG,America/Nassau
MYBS,America/Nassau
MYCA,America/Nassau
MYCB,America/Nassau
MYCC,America/Nassau
MYCH,America/Nassau
MYCI,America/Nassau
MYCP,America/Nassau
MYCS,America/Nassau
MYEB,America/Nassau
MYEF,America/Nassau
MYEH,America/Nassau
MYEL,America/Nassau
MYEM,America/Nassau
MYEN,America/Nassau
MYER,America/Nassau
MYES,America/Nassau
MYEY,America/Nassau
MYGD,America/Nassau
MYGF,America/Nassau
MYGM,America/Nassau
MYGW,America/Nassau
MYIG,America/Nassau
MYLD,America/Nassau
MYLR,America/Nassau
MYLS,America/Nassau
MYMM,America/Nassau
MYNN,America/Nassau
MYRD,America/Nassau
MYRP,America/Nassau
MYSM,America/Nassau
MYX4,America/Nassau
MYX7,America/Nassau
MYX8,America/Nassau
MYXC,America/Nassau
MYXD,America/Nassau
MYXF,America/Nassau
MYXH,America/Nassau
MYZ3,America/Nassau
MZBZ,America/Belize
MZHR,America/Belize
MZJC,America/Belize
MZMF,America/Belize
MZPL,America/Belize
PR10,America/Puerto_Rico
PR20,America/Puerto_Rico
PR25,America/Puerto_Rico
PR27,America/Puerto_Rico
SKPV,America/Bogota
SKPZ,America/Bogota
SKSP,America/Bogota
SU01,Europe/Rome
SVDM,America/Caracas
SVLB,America/Caracas
SVMG,America/Caracas
SVRS,America/Caracas
TAPA,America/Antigua
TAPT,America/Antigua
TBPB,America/Barbados
TDCF,America/Dominica
TDPD,America/Dominica
TFFA,America/Guadeloupe
TFFB,America/Guadeloupe
TFFC,America/Guadeloupe
TFFF,America/Martinique
TFFG,America/Marigot
TFFJ,America/St_Barthelemy
TFFM,America/Guadeloupe
TFFR,America/Guadeloupe
TFFS,America/Guadeloupe
TGPY,America/Grenada
TGPZ,America/Grenada
TIST,America/St_Thomas
TISX,America/St_Thomas
TJAB,America/Puerto_Rico
TJBQ,America/Puerto_Rico
TJCP,America/Puerto_Rico
TJIG,America/Puerto_Rico
TJMZ,America/Puerto_Rico
TJPS,America/Puerto_Rico
TJRV,America/Puerto_Rico
TJSJ,America/Puerto_Rico
TJVQ,America/Puerto_Rico
TKPK,America/St_Kitts
TKPN,America/St_Kitts
TLPC,America/St_Lucia
TLPL,America/St_Lucia
TNCA,America/Aruba
TNCB,America/Kralendijk
TNCC,America/Curacao
TNCE,America/Kralendijk
TNCM,America/Lower_Princes
TNCS,America/Kralendijk
TQPF,America/Anguilla
TRPG,America/Montserrat
TTCP,America/Port_of_Spain
TTPP,America/Port_of_Spain
TUPA,America/Tortola
TUPJ,America/Tortola
TUPW,America/Tortola
TVSA,America/St_Vincent
TVSB,America/St_Vincent
TVSC,America/St_Vincent
TVSM,America/St_Vincent
TVSU,America/St_Vincent
TXKF,Atlantic/Bermuda
UEAT,Asia/Srednekolymsk
UEBG,Asia/Vladivostok
UEBK,Asia/Vladivostok
UEBS,Asia/Yakutsk
UEBT,Asia/Vladivostok
UECT,Asia/Yakutsk
UEDB,Asia/Srednekolymsk
UEDK,Asia/Srednekolymsk
UEDN,Asia/Yakutsk
UEED,Asia/Yakutsk
UEEG,Asia/Yakutsk
UEEJ,Asia/Yakutsk
UEEQ,Asia/Yakutsk
UEEX,Asia/Yakutsk
UEKG,Asia/Srednekolymsk
UEKO,Asia/Yakutsk
UEKU,Asia/Yakutsk
UEKY,Asia/Srednekolymsk
UELT,Asia/Yakutsk
UEMC,Asia/Srednekolymsk
UEMD,Asia/Yakutsk
UEME,Asia/Yakutsk
UEMH,Asia/Khandyga
UEMN,Asia/Srednekolymsk
UEMR,Asia/Yakutsk
UEMS,Asia/Yakutsk
UEMU,Asia/Khandyga
UENH,Asia/Yakutsk
UENO,Asia/Yakutsk
UENU,Asia/Yakutsk
UEOA,Asia/Yakutsk
UEOQ,Asia/Yakutsk
UEOT,Asia/Yakutsk
UEOU,Asia/Yakutsk
UEQC,Asia/Khandyga
UEQK,Asia/Khandyga
UEQM,Asia/Khandyga
UEQN,Asia/Khandyga
UERO,Asia/Yakutsk
UERS,Asia/Yakutsk
UERT,Asia/Yakutsk
UESC,Asia/Srednekolymsk
UESH,Asia/Srednekolymsk
UESL,Asia/Srednekolymsk
UESR,Asia/Vladivostok
UESX,Asia/Srednekolymsk
UESY,Asia/Srednekolymsk
UESZ,Asia/Vladivostok
UEWO,Asia/Yakutsk
UEYR,Asia/Srednekolymsk
UGMS,Asia/Tbilisi
UHDW,Asia/Anadyr
UHGL,Asia/Magadan
UHKN,Asia/Vladivostok
UHMD,Asia/Anadyr
UHMZ,Asia/Anadyr
UHNT,Asia/Vladivostok
UHOA,Asia/Vladivostok
UHTO,Asia/Vladivostok
UHTQ,Asia/Vladivostok
UHTS,Asia/Vladivostok
UHWE,Asia/Vladivostok
UHWT,Asia/Vladivostok
UIAC,Asia/Chita
UIAD,Asia/Chita
UIAG,Asia/Chita
UIAU,Asia/Chita
UIAY,Asia/Chita
UIIH,Asia/Irkutsk
UK59,Europe/Kyiv
UK61,Europe/Kyiv
UKBB,Europe/Kyiv
UKBH,Europe/Kyiv
UKCK,Europe/Kyiv
UKCM,Europe/Kyiv
UKDB,Europe/Kyiv
UKDD,Europe/Kyiv
UKDE,Europe/Kyiv
UKDR,Europe/Kyiv
UKFB,Europe/Simferopol
UKFF,Europe/Simferopol
UKFG,Europe/Simferopol
UKFI,Europe/Simferopol
UKFK,Europe/Simferopol
UKFW,Europe/Simferopol
UKFY,Europe/Simferopol
UKGW,Europe/Kyiv
UKHD,Europe/Kyiv
UKHH,Europe/Kyiv
UKHP,Europe/Kyiv
UKHS,Europe/Kyiv
UKIN,Europe/Kyiv
UKKE,Europe/Kyiv
UKKG,Europe/Kyiv
UKKK,Europe/Kyiv
UKKM,Europe/Kyiv
UKKO,Europe/Kyiv
UKKV,Europe/Kyiv
UKLC,Europe/Kyiv
UKLH,Europe/Kyiv
UKLI,Europe/Kyiv
UKLL,Europe/Kyiv
UKLN,Europe/Kyiv
UKLR,Europe/Kyiv
UKLT,Europe/Kyiv
UKLU,Europe/Kyiv
UKNG,Europe/Kyiv
UKOH,Europe/Kyiv
UKOO,Europe/Kyiv
UKOR,Europe/Kyiv
UKVN,Europe/Kyiv
UKWW,Europe/Kyiv
ULAA,Europe/Moscow
ULAH,Europe/Moscow
ULAL,Europe/Moscow
ULAM,Europe/Moscow
ULAO,Europe/Moscow
ULAR,Europe/Moscow
ULAS,Europe/Moscow
ULBK,Europe/Moscow
ULBM,Europe/Moscow
ULBZ,Europe/Moscow
ULDT,Europe/Moscow
ULEH,Europe/Moscow
ULEK,Europe/Moscow
ULIC,Europe/Moscow
ULJI,Europe/Moscow
ULJM,Europe/Moscow
ULJO,Europe/Moscow
ULKK,Europe/Moscow
ULKS,Europe/Moscow
ULLI,Europe/Moscow
ULLP,Europe/Moscow
ULMA,Europe/Moscow
ULMM,Europe/Moscow
ULNP,Europe/Moscow
ULPK,Europe/Moscow
ULPP,Europe/Moscow
ULPS,Europe/Moscow
ULSW,Europe/Moscow
ULWC,Europe/Moscow
ULWK,Europe/Moscow
ULWW,Europe/Moscow
UMBB,Europe/Minsk
UMBK,Europe/Minsk
UMGG,Europe/Minsk
UMGI,Europe/Minsk
UMII,Europe/Minsk
UMKE,Europe/Kaliningrad
UMKS,Europe/Kaliningrad
UMLI,Europe/Minsk
UMMA,Europe/Minsk
UMMG,Europe/Minsk
UMMS,Europe/Minsk
UMNB,Europe/Minsk
UMNM,Europe/Minsk
UMNV,Europe/Minsk
UMOO,Europe/Minsk
UNBG,Asia/Barnaul
UNBU,Asia/Barnaul
UNHA,Asia/Krasnoyarsk
UNHZ,Asia/Krasnoyarsk
UNIA,Asia/Krasnoyarsk
UNIP,Asia/Krasnoyarsk
UNLK,Asia/Tomsk
UNNT,Asia/Novosibirsk
UNOT,Asia/Omsk
UNOW,Asia/Omsk
UODL,Asia/Krasnoyarsk
UOTU,Asia/Krasnoyarsk
URKA,Europe/Moscow
URKG,Europe/Moscow
URKR,Europe/Moscow
URKS,Europe/Moscow
URME,Europe/Moscow
URMN,Europe/Moscow
URMO,Europe/Moscow
URMT,Europe/Moscow
URRH,Europe/Moscow
URRN,Europe/Moscow
URRP,Europe/Moscow
URRT,Europe/Moscow
URSS,Europe/Moscow
URWI,Europe/Moscow
USDI,Asia/Yekaterinburg
USDO,Asia/Yekaterinburg
USDP,Asia/Yekaterinburg
USDR,Asia/Yekaterinburg
USDS,Asia/Yekaterinburg
USDT,Asia/Yekaterinburg
USDU,Asia/Yekaterinburg
USHA,Asia/Yekaterinburg
USHN,Asia/Yekaterinburg
USHQ,Asia/Yekaterinburg
USKK,Europe/Kirov
USRA,Asia/Yekaterinburg
USSQ,Asia/Yekaterinburg
USTL,Asia/Yekaterinburg
UUBA,Europe/Moscow
UUBC,Europe/Moscow
UUBI,Europe/Moscow
UUBK,Europe/Moscow
UUBN,Europe/Moscow
UUBQ,Europe/Moscow
UUBS,Europe/Moscow
UUDD,Europe/Moscow
UUEE,Europe/Moscow
UUEI,Europe/Moscow
UUEM,Europe/Moscow
UUMD,Europe/Moscow
UUMI,Europe/Moscow
UUML,Europe/Moscow
UUMT,Europe/Moscow
UUMU,Europe/Moscow
UUOB,Europe/Moscow
UUOD,Europe/Moscow
UUOK,Europe/Moscow
UUOL,Europe/Moscow
UUOQ,Europe/Moscow
UUOT,Europe/Moscow
UUOW,Europe/Moscow
UUTZ,Europe/Moscow
UUWK,Europe/Moscow
UUWW,Europe/Moscow
UUYI,Europe/Moscow
UUYM,Europe/Moscow
UUYN,Europe/Moscow
UUYP,Europe/Moscow
UUYT,Europe/Moscow
UUYY,Europe/Moscow
UWGB,Europe/Moscow
UWPP,Europe/Moscow
UWPS,Europe/Moscow
UWSK,Europe/Saratov
UWTK,Europe/Moscow
UWUU,Asia/Yekaterinburg
UWUZ,Europe/Moscow
UWWE,Europe/Samara
UWWW,Europe/Samara
VB02,Europe/Rome
XRMU,Europe/Moscow
